register_id,role,url,fetch_rung,text_status,words,text_sha256,text_bytes,redistributable,path_in_bundle,how_to_obtain
REG-2014-0001,primary,"https://policja.pl/pol/aktualnosci/96542,Zamkneli-serwis-dla-kinomaniakow-Straty-szacuje-sie-na-26-mln-zlotych.html",curl_cffi,full,927,d91f03dfc9092a4b98abc86dbb38b2a5d9f058abd0a18f046af0d0a16ee27e26,8352,yes,texts/REG-2014-0001.txt,
REG-2014-0002,primary,https://www.customs.gov.hk/en/customs-announcement/press-release/index_id_2750.html,raw,full,616,cde94936d590c64e3eb2610d7223b7091ced1d64093d9a5d04048afd2c61f826,4142,no,,re-fetch the URL; compare its SHA-256
REG-2014-0003,primary,"https://policja.pl/pol/aktualnosci/100031,Rozpracowali-wirtualnego-oszusta-i-zlikwidowali-centrale-sharingowaquot.html",curl_cffi,full,789,8a56be56fd59031281e638a231a8b9ebaf7e35559486593a39a3a685e0b8603f,7404,yes,texts/REG-2014-0003.txt,
REG-2014-0004,primary,https://www.b-cas.co.jp/info/news/20140813.html,curl_cffi,full,40,e56df4acfc63e3608bfe57944ab45e02883655b190065fe0f0e818ae24a2f853,960,no,,re-fetch the URL; compare its SHA-256
REG-2014-0005,primary,"https://policja.pl/pol/aktualnosci/102112,Odpowie-za-nielegalne-udostepnianie-w-sieci-materialow-telewizyjnych.html",curl_cffi,full,624,94a13146e8d29afe5b6b92359b8ee6b3e136dbdb02b1952c6b19791f17abbf4f,5861,yes,texts/REG-2014-0005.txt,
REG-2014-0006,primary,"https://policja.pl/pol/aktualnosci/104661,Policjanci-zlikwidowali-nielegalna-siec-telewizyjna.html",curl_cffi,full,639,28eab07daa606bcf4a264b0f50ac8307b853ee1541e29f8b11e65aaed3b9ea03,6074,yes,texts/REG-2014-0006.txt,
REG-2014-0007,primary,"https://policja.pl/pol/aktualnosci/104935,Nielegalna-telewizja-przyniosla-15-mln-strat.html",curl_cffi,full,539,1708b2eb5c17d4de4ec24241ce014360cb0430b2e641bc915d3884f670af964e,5221,yes,texts/REG-2014-0007.txt,
REG-2015-0001,primary,"https://policja.pl/pol/aktualnosci/111979,Zamkniecie-kolejnych-nieuczciwych-portali-filmowych-Zabezpieczono-majatek-podejr.html",curl_cffi,full,1080,8a8d2d85869f39acb7606af87711fb55bbc66b35dd68e766904e7d90881972ec,9815,yes,texts/REG-2015-0001.txt,
REG-2015-0002,primary,"https://policja.pl/pol/aktualnosci/113891,Odpowiedza-za-streaming.html",curl_cffi,full,537,cfc20751b88fe3790d4ad2a556f92e1dae4223212b0455b60c8bb8cdf2fe2a15,5354,yes,texts/REG-2015-0002.txt,
REG-2015-0003,primary,https://www.mcst.go.kr/kor/s_notice/press/pressView.jsp?pSeq=14763,curl_cffi,full,647,157ba50aeb97f36ef73aa2fda2d54a961fcec385d1b52322a6924efe9a849ff8,9387,yes,texts/REG-2015-0003.txt,
REG-2016-0001,primary,"https://policja.pl/pol/aktualnosci/123649,W-Sieci-nielegalnie-rozpowszechniali-platne-kanaly-TV-i-programy-na-zywo.html",curl_cffi,full,848,7f512b9ae45eb2a9d9d12b81274769427246fadaf1980d2b8cb500b5b337b8b3,7845,yes,texts/REG-2016-0001.txt,
REG-2016-0002,primary,https://www.policia.es/_es/comunicacion_prensa_detalle.php?ID=5479,curl_cffi+cookies_set,full,719,ceddf928b32db35c2790f1c1f092e59d6dda22f29d615fe4e02f434ce94113ec,5024,yes,texts/REG-2016-0002.txt,
REG-2016-0003,primary,"https://policja.pl/pol/aktualnosci/125156,Policjanci-przerwali-proceder-sharingu.html",curl_cffi,full,587,a9f54cdfdd70c801ed8cabb0edc026802986e08515bffb828d9e7f32fcceb863,5762,yes,texts/REG-2016-0003.txt,
REG-2016-0004,primary,https://www.europol.europa.eu/media-press/newsroom/news/spanish-network-behind-illegal-distribution-of-pay-tv-channels-dismantled,curl_cffi+SERVER_DATA,full,442,e57183e613d06caa51ef93c23bc6f709f2076e4117364fab616aa8f04b59ab9e,2980,yes,texts/REG-2016-0004.txt,
REG-2016-0005,primary,"https://policja.pl/pol/aktualnosci/128181,Zatrzymany-za-nielegalne-udostepnianie-sygnalu-telewizyjnego-platform-cyfrowych.html",curl_cffi,full,666,9278f8535d6d24518c517a7996c58fea27ceec308024da14eaedccaeb1e7cd36,6343,yes,texts/REG-2016-0005.txt,
REG-2016-0006,primary,https://www.mcst.go.kr/kor/s_notice/press/pressView.jsp?pSeq=15537,curl_cffi,full,687,4d6889cd907b142770a53661fabf125c56a6dc2d1445f8baabddbb85758ab814,10114,yes,texts/REG-2016-0006.txt,
REG-2016-0007,primary,"https://policja.pl/pol/aktualnosci/131576,29-latek-odpowie-za-sharing.html",curl_cffi,full,525,cc97b2524643fa6ed43b9519c4fc7ad439e316cfd17419d5bd2d5227e395e131,5143,yes,texts/REG-2016-0007.txt,
REG-2016-0008,primary,https://www.policia.es/_es/comunicacion_prensa_detalle.php?ID=5300,curl_cffi+cookies_set,full,746,2f2985b969cfb1051b609a33e87a180f7386181ca1de519ab331ff0a1199979f,5272,yes,texts/REG-2016-0008.txt,
REG-2016-0009,primary,"https://policja.pl/pol/aktualnosci/135782,Zatrzymany-za-nielegalne-udostepnianie-sygnalu-telewizyjnego.html",curl_cffi,full,474,abbc35a512a5db0db549fa2d397f558f2d54f9f6082fccc144c1ab14a79a35c0,4835,yes,texts/REG-2016-0009.txt,
REG-2016-0010,primary,"https://policja.pl/pol/aktualnosci/136351,31-letni-mielczanin-odpowie-za-quotcardsharingquot.html",curl_cffi,full,502,803bfc16fccd3c9da161b11cc02a14ab0decad3843d905c226e4d276afd2869a,4931,yes,texts/REG-2016-0010.txt,
REG-2017-0001,primary,https://www.justiz.bayern.de/gerichte-und-behoerden/generalstaatsanwaltschaft/bamberg/presse/2017/1.php,raw,full,452,998826324829058105f745f363f2d3e85c5cb1223124eaa562ab4aab1fbebf62,3531,no,,re-fetch the URL; compare its SHA-256
REG-2017-0002,primary,https://www.policia.es/_es/comunicacion_prensa_detalle.php?ID=4960,curl_cffi+cookies_set,full,957,9e6af4293981073b4cdc4ba57d10fa741f40408b5fe8af2ab817941d2583c10e,6557,yes,texts/REG-2017-0002.txt,
REG-2017-0003,primary,https://www.policia.es/_es/comunicacion_prensa_detalle.php?ID=4978,curl_cffi+cookie (fetch_text.py gave the 78-word cookie shell; re-fetched with a curl_cffi session after POST /cookies_set.php),full,561,0dba3b2345d51ff95afce9caa7efe12ef82af5baf5f3a70421662e1ef9da67bd,3883,yes,texts/REG-2017-0003.txt,
REG-2017-0004,primary,"https://policja.pl/pol/aktualnosci/141155,Policjanci-przerwali-nielegalny-proceder-quotsharinguquot.html",curl_cffi,full,567,fa6318a9e9929d1e859c511c54b5c8166a89093b6ae0c1efe37675c6263b3634,5547,yes,texts/REG-2017-0004.txt,
REG-2017-0005,primary,https://www.europol.europa.eu/media-press/newsroom/news/one-of-europe%E2%80%99s-biggest-illegal-iptv-distributors-dismantled,raw,full,29874,f388ea99c2c762dd08a31ffe64770e2a451e8d02d62094ebffd8fbed85c6be0f,290041,no,,re-fetch the URL; compare its SHA-256
REG-2017-0006,primary,https://www.policiajudiciaria.pt/operacao-sinal-aberto/,curl_cffi,full,231,397ac61679d3938108993d82f1ac1d30888f4070513dfb9b491a727f4bedf770,1741,yes,texts/REG-2017-0006.txt,
REG-2017-0007,primary,"https://policja.pl/pol/aktualnosci/145857,Mial-nielegalnie-podlaczony-prad-bo-rozsylal-sygnal-telewizji.html",curl_cffi,full,522,3c639cdab2a279428439522d917568e45d5aa9e4600a0aa1e434b02d565a8ae9,5110,yes,texts/REG-2017-0007.txt,
REG-2017-0008,primary,"https://policja.pl/pol/aktualnosci/145931,KWP-Nielegalny-streaming-w-Internecie-platnych-kanalow-telewizyjnych.html",curl_cffi,full,585,21ce4b5f12e1d55e1fdcb0afc8f2d0bd18b3554745dbe47d0f38add0f4c24bc3,5780,yes,texts/REG-2017-0008.txt,
REG-2017-0009,primary,https://www.policia.es/_es/comunicacion_prensa_detalle.php?ID=4839,curl_cffi+cookies_set,full,800,63ea1083440830299659a518edb410118bf7c1a5a316f5a59bb57eb10898e32d,5635,yes,texts/REG-2017-0009.txt,
REG-2017-0010,primary,https://www.b-cas.co.jp/info/news/20171129.html,curl_cffi (Japanese text; whitespace word count 50 but the document is complete),full,50,d10393e614ff38a77e1d8c6f0b3e9434ffd9b41546a93864d49b1799d5b1e3dc,2101,no,,re-fetch the URL; compare its SHA-256
REG-2017-0011,primary,https://www.justiz.bayern.de/gerichte-und-behoerden/generalstaatsanwaltschaft/bamberg/presse/2017/12.php,raw,full,1633,eb1cf1ac90ab869bb285c55ba73409ea73ba7bb5e3cb7e62b53a70762170d498,14794,no,,re-fetch the URL; compare its SHA-256
REG-2017-0012,primary,https://www.customs.gov.hk/en/customs-announcement/press-release/index_id_2598.html,raw,full,587,1a24126615e5ec4d807c4b2e0c9ca0f51002d308d820bd700719789ecc3a7041,4095,no,,re-fetch the URL; compare its SHA-256
REG-2018-0001,primary,https://www.europol.europa.eu/media-press/newsroom/news/law-enforcement-and-private-sector-join-forces-to-shut-down-illegal-streaming-network,raw,full,335,1a0511cee5f581fb34237d06d1d53c6389219acc5586bdc5b588d09b70ac43f8,17619,no,,re-fetch the URL; compare its SHA-256
REG-2018-0002,primary,https://www.policia.es/_es/comunicacion_prensa_detalle.php?ID=4505,curl_cffi+cookies_set(manual); fetch_text.py=curl_cffi 78w cookie-wall shell,full,765,3e682526879d93f997e82ab20f3a85be855de0339979883912b2e2a387f69eea,5270,yes,texts/REG-2018-0002.txt,
REG-2018-0003,primary,"https://policja.pl/pol/aktualnosci/153627,KWP-Cios-w-piracki-serwis-streamingowy.html",curl_cffi,full,660,f9e7a81414f1cb17e97da7af937bdfa63f3169efbf24b025ce5a39f5e6520ba2,6260,yes,texts/REG-2018-0003.txt,
REG-2018-0004,primary,https://www.policia.es/_es/comunicacion_prensa_detalle.php?ID=4542,curl_cffi+cookies_set,full,628,be42fc22ac34de181787065abea9416f50a9bb538aeff4f385f543841a44229b,4362,yes,texts/REG-2018-0004.txt,
REG-2018-0005,primary,"https://policja.pl/pol/aktualnosci/wiadomosci-z-wojewodzt/155687,Nielegalny-streaming-kanalow-TV.html",curl_cffi,full,268,9c7e441b5409d9fd001667d04b59ce8e5ce03dac4d3d56fce478f94d3ae0149d,2315,yes,texts/REG-2018-0005.txt,
REG-2018-0006,primary,"https://policja.pl/pol/aktualnosci/155768,Policjanci-przerwali-proceder-sharingu.html",curl_cffi,full,480,aad5a7fb130b9d77f032380a1ece71e512fc2587650543b3e64f0db23a8bee36,4760,yes,texts/REG-2018-0006.txt,
REG-2018-0007,primary,https://www.europol.europa.eu/media-press/newsroom/news/europol-and-spanish-national-police-arrest-six-individuals-in-big-hit-to-illegal-tv-streaming-networks,curl_cffi+SERVER_DATA,full,274,96e24a6c95cec7df94f7787951241d55eddb159ff9bbf431bb837aca79a01647,1790,yes,texts/REG-2018-0007.txt,
REG-2018-0008,primary,"https://policja.pl/pol/aktualnosci/156027,Policjanci-przerwali-proceder-sharingu.html",curl_cffi,full,609,d7e4447e586665373ba680e6a86134f2a1c2fdd5d877de2ab0e2628c92a479cb,5848,yes,texts/REG-2018-0008.txt,
REG-2018-0009,primary,"https://policja.pl/pol/aktualnosci/156430,Policjanci-z-Komendy-Powiatowej-Policji-w-Krakowie-przerwali-nielegalny-proceder.html",curl_cffi,full,700,c7257f7f673e444d38b566defc7cc723d06193b1ec5203ff8978b3a85c041733,6579,yes,texts/REG-2018-0009.txt,
REG-2018-0010,primary,https://www.justiz.bayern.de/gerichte-und-behoerden/generalstaatsanwaltschaft/bamberg/presse/2018/9.php,raw,full,702,d69d38151a49e9afb4405e6f9a687f2f97bd89dfe92dc58b6ac47ffa4e7d46d5,6265,no,,re-fetch the URL; compare its SHA-256
REG-2018-0011,primary,https://www.customs.gov.hk/en/customs-announcement/press-release/index_id_2873.html,raw,full,529,6a6084c897a818f8ec3b6c81f4d1184327bf4bc9f1074817c0577566ac894d4a,3561,no,,re-fetch the URL; compare its SHA-256
REG-2018-0012,primary,https://www.policia.es/_es/comunicacion_prensa_detalle.php?ID=4686,curl_cffi+cookie (fetch_text.py gave the 78-word cookie shell; re-fetched with a curl_cffi session after POST /cookies_set.php),full,710,93b0f562867a9ef26d1752fb55f7a7bfe25923e6af2fcdac6e47898c13a00235,4632,yes,texts/REG-2018-0012.txt,
REG-2018-0013,primary,https://www.policia.es/_es/comunicacion_prensa_detalle.php?ID=4693,curl_cffi+cookies_set(manual); fetch_text.py=curl_cffi 78w cookie-wall shell,full,729,473fae32accecb52e5e63861ab10ee6154fa235df03dec8bdfcf7ef00d2411d3,5184,yes,texts/REG-2018-0013.txt,
REG-2018-0014,primary,https://www.info.gov.hk/gia/general/201806/23/P2018062300656.htm,raw,full,415,b11a6d34158572a7e269eaf87ad79cb282e530297ee56aee56804c3e6d510588,2886,no,,re-fetch the URL; compare its SHA-256
REG-2018-0015,primary,https://www.om.nl/actueel/nieuws/2018/06/28/verdachten-van-digitale-tv-piraterij-voor-de-rechter,curl_cffi,full,244,9152c57af13687e61141f61b96ecd3651009e97c13e804beebb268d4d7f8bc42,1661,yes,texts/REG-2018-0015.txt,
REG-2018-0016,primary,https://www.customs.gov.hk/en/customs-announcement/press-release/index_id_2990.html,raw,full,466,58e73830bdb37a79108a5185e517e7ce151742f2e4bec12f86ffd86b7604f46b,3240,no,,re-fetch the URL; compare its SHA-256
REG-2018-0017,primary,https://www.europol.europa.eu/media-press/newsroom/news/six-arrested-in-hit-against-illegal-television-streaming-in-uk-and-ireland,raw,full,1007,553187de34c898ef5bf254db6c22d1a4b0e2ba68e579d20b18e84557b03c893a,7818,no,,re-fetch the URL; compare its SHA-256
REG-2018-0018,primary,"https://policja.pl/pol/aktualnosci/163865,33-latek-odpowie-za-sharing.html",curl_cffi,full,634,387e486ccb1d5830425df3d98a9fed5cebd180d4e7191fdd55e60de8723df93d,6023,yes,texts/REG-2018-0018.txt,
REG-2018-0019,primary,https://www.justice.gov/archives/opa/pr/three-puerto-rican-men-arrested-federal-charges-dish-network-services-piracy-scheme,doj_fetch,full,669,02fbb9e2b6db3de1496310e334ad8131877c3049c457246a8b90b8e0a35ea665,4825,yes,texts/REG-2018-0019.txt,
REG-2018-0020,primary,https://www.policia.es/_es/comunicacion_prensa_detalle.php?ID=4493,curl_cffi+cookie (fetch_text.py gave the 78-word cookie shell; re-fetched with a curl_cffi session after POST /cookies_set.php),full,493,3f3763636c6e4ed423b3bb285930ab5cd53e30df4026147a02451d855c3ca19e,3646,yes,texts/REG-2018-0020.txt,
REG-2019-0001,primary,https://www.policia.es/_es/comunicacion_prensa_detalle.php?ID=4134,curl_cffi+cookies_set,full,806,984f4f91bb3f1c8966bd169be61cbbcf0ac31ca96b2fcfd776403bd372337402,5736,yes,texts/REG-2019-0001.txt,
REG-2019-0002,primary,https://www.kcopa.or.kr/lay1/bbs/S1T12C38/F/38/view.do?article_seq=490,curl_cffi,full,566,0eebb9f76a72b15713421b6c7d1cd546d3bb4d5693459d01a8bec153603bf4f4,6425,yes,texts/REG-2019-0002.txt,
REG-2019-0003,primary,"https://policja.pl/pol/aktualnosci/171061,Policjanci-przerwali-proceder-quotsharinguquot-41-letni-mielczanin-uslyszal-zarz.html",curl_cffi,full,648,11364e770f0e9a9c9d7cb2dded10c6486e38af0f0c9306a67d49f3670f07c7d9,6188,yes,texts/REG-2019-0003.txt,
REG-2019-0004,primary,https://www.aapa.eu/press-release-premier-league-and-irdeto-collaborate-on-large-scale-iptv-piracy-raids,raw,full,313,2e1a1801a13da796b4abf07ea74beabdcab8b7a89013d0d5df1c170fb244e394,2537,no,,re-fetch the URL; compare its SHA-256
REG-2019-0005,primary,"https://policja.pl/pol/aktualnosci/173349,Policjanci-namierzyli-10-wroclawskich-lokali-w-ktorych-nielegalnie-rozpowszechni.html",curl_cffi,full,525,64d72086564fa67c3d33c8524dee942cb78a7e6fecc3039296fd4370a7ac200b,5178,yes,texts/REG-2019-0005.txt,
REG-2019-0006,primary,https://www.europol.europa.eu/media-press/newsroom/news/end-of-broadcast-for-iptv-criminal-network,raw,full,547,c61c4cdf750f05563217713653eb5acd6b24a07a3dc0ebd6854dcea0a0ea6b1d,4556,no,,re-fetch the URL; compare its SHA-256
REG-2019-0007,primary,https://www.poliziadistato.it/articolo/385d32dc9e51e88641329696,raw,full,435,ab3fc86ce4cc9e38982fec49e4651c3b66b4542336127b1c4c2357c1e8b02851,3332,no,,re-fetch the URL; compare its SHA-256
REG-2019-0008,primary,https://www.policia.es/_es/comunicacion_prensa_detalle.php?ID=3934,curl_cffi+cookies_set(manual); fetch_text.py=curl_cffi 78w cookie-wall shell,full,617,c75c7822eecbc07d32b5c3145f2ee8647e8014a1279b2223d2ac30b1a697e988,4554,yes,texts/REG-2019-0008.txt,
REG-2019-0009,primary,https://www.poliziadistato.it/articolo/385d820d626cd8c310877228,raw,full,2750,82b00d9bb2152c5711f7c99def21b55fd99bae15bce1b19f41f17e2f197441f9,21851,no,,re-fetch the URL; compare its SHA-256
REG-2019-0010,primary,"https://policja.pl/pol/aktualnosci/180652,Udostepnial-sygnal-TV-pirat-w-rekach-wroclawskich-policjantow.html",curl_cffi,full,625,f1d3d13c2f1bad355ef0626890e823e63a4b35f513154c6a3a621fdf8ac3288e,5975,yes,texts/REG-2019-0010.txt,
REG-2019-0011,primary,https://www.gov.br/mj/pt-br/assuntos/noticias/operacao-404-combate-pirataria-na-internet,raw,full,1857,c6b5415fedf47e57f1b20487deeef6e3f0ed6738a53014ca6e3c63555421d281,14937,no,,re-fetch the URL; compare its SHA-256
REG-2019-0012,primary,https://www.policia.es/_es/comunicacion_prensa_detalle.php?ID=4023,curl_cffi+cookies_set,full,883,d445a3d7231dc050c9047741d98209a1d3cfb3de5a72643ca18651d87d3928b3,6063,yes,texts/REG-2019-0012.txt,
REG-2019-0013,primary,https://www.justice.gov/usao-or/pr/newport-man-pleads-guilty-copyright-infringement-creating-illegal-video-streaming-and,doj_fetch,full,645,8fa083fc6afef796896c30ff587ba677dd3500b945af25e54616b3ca1ced8667,4596,yes,texts/REG-2019-0013.txt,
REG-2019-0013,secondary-1,https://www.justice.gov/usao-or/pr/newport-man-sentenced-federal-prison-creating-illegal-video-streaming-and-downloading,,,,23a230c99378a73bd662331c478ef926bae9fd1ec2ea440670ad8f78e4bfd1c0,4462,yes,texts/REG-2019-0013__2.txt,
REG-2019-0014,primary,https://www.dsi.go.th/th/Detail/0cfc04b6001c03348cf44c1ac568a7d4,curl_cffi,full,373,a9c3b5ebf0d14c7845036c9e2a3c818cad301fa3fbc6f0a0727b884c041b033e,17379,yes,texts/REG-2019-0014.txt,
REG-2019-0015,primary,https://www.europol.europa.eu/media-press/newsroom/news/30-506-internet-domain-names-shut-down-for-intellectual-property-infringement,raw,full,833,db077df050f6bcf42ac3b9d9365a9f5f801ca4424803ee3f3350df114e5281ae,6455,no,,re-fetch the URL; compare its SHA-256
REG-2020-0001,primary,https://www.policia.es/_es/comunicacion_prensa_detalle.php?ID=3690,curl_cffi+cookies_set,full,619,ae3961d57e7cf50da0d4db2f4dd07363201fa7a487a2dc8adfa92c59d632fd85,4445,yes,texts/REG-2020-0001.txt,
REG-2020-0002,primary,https://www.europol.europa.eu/media-press/newsroom/news/huge-hit-to-illegal-iptv-distributors-in-bulgaria,raw,full,424,cfca7b06bb939e1fe2fd4457253cef91a0abf742a749827cf33dc2ca12456721,3539,no,,re-fetch the URL; compare its SHA-256
REG-2020-0003,primary,"https://policja.pl/pol/aktualnosci/185624,Nielegalnie-rozprowadzal-sygnal-telewizyjny-Laczne-straty-jakie-poniosly-firmy-z.html",curl_cffi,full,952,048db91ee17b9f52565ce24f0787975a895c2333e2d2ce9b9ed10d76f86ab7cd,8733,yes,texts/REG-2020-0003.txt,
REG-2020-0004,primary,https://www.policia.es/_es/comunicacion_prensa_detalle.php?ID=3749,curl_cffi+cookies_set,full,539,d83f6cdeeb1d6db26b2fee5515efdad54bda47dfaa5add104e54c84e01070e38,3989,yes,texts/REG-2020-0004.txt,
REG-2020-0005,primary,"https://policja.pl/pol/aktualnosci/wiadomosci-z-wojewodzt/186188,Sharing-zlikwidowany.html",curl_cffi,full,286,8b6e1ddd528098506f2e42def1dca68f2cef113e496e4acda719d82d53b75bab,2515,yes,texts/REG-2020-0005.txt,
REG-2020-0006,primary,https://copyright.gov.ng/ncc-dss-clamp-down-on-illegal-broad-stations-arrest-broadcast-pirates/,curl_cffi,full,646,8613faf80bcbb5c14c6573326efec2197a89ebf451afa1288f97496b4023a226,4624,yes,texts/REG-2020-0006.txt,
REG-2020-0007,primary,https://www.cib.npa.gov.tw/ch/app/news/view?module=news&id=1885&serno=f4f4d214-de39-4769-bc35-9c795596ee84,curl_cffi,full,230,23fac6cdd824c7415c7171de86fb06444d51705867016a0b35ac262b06bd638a,7073,yes,texts/REG-2020-0007.txt,
REG-2020-0008,primary,https://www.cib.npa.gov.tw/ch/app/news/view?module=news&id=1885&serno=1b0ce2ae-c62d-433e-9d2e-b747b8751799,curl_cffi,full,231,aab89f0bc8884e04dd59a3f70dca62325aec11d8c8c14851321a01eaa5851006,6961,yes,texts/REG-2020-0008.txt,
REG-2020-0009,primary,https://www.policia.es/_es/comunicacion_prensa_detalle.php?ID=3798,curl_cffi+cookies_set,full,930,9038c7754da1c79c1eac88bfb9874ed263575cfb5e47afd7820ff89844a55a0c,6451,yes,texts/REG-2020-0009.txt,
REG-2020-0010,primary,"https://policja.pl/pol/aktualnosci/188280,Telewizyjni-hakerzy.html",curl_cffi,full,489,73ed216bd4e18d5600e370fefa79e45e8f4934e0cf7622a2961f943fee6ed9be,4708,yes,texts/REG-2020-0010.txt,
REG-2020-0011,primary,https://www.policia.es/_es/comunicacion_prensa_detalle.php?ID=3822,curl_cffi+cookie (fetch_text.py gave the 78-word cookie shell; re-fetched with a curl_cffi session after POST /cookies_set.php),full,551,46b1391842c8f8952724420fa4d53b8ba38e3be1dd529ef24bd577c6ae864047,3777,yes,texts/REG-2020-0011.txt,
REG-2020-0012,primary,https://www.astynomia.gr/2020/06/04/04-06-2020-apo-ti-diefthynsi-dioxis-ilektronikou-egklimatos-synelifthi-imedapos-gia-paravaseis-ton-nomothesion-gia-tin-pnevmatiki-idioktisia-kai-tin-prostasia-syndromitikon-ypiresion/,raw,full,502,22c7a9bb53a61f540273deb5b58d52df92a05859f65db0dbac12cd2b48d5874f,5683,no,,re-fetch the URL; compare its SHA-256
REG-2020-0013,primary,https://www.saip.gov.sa/ar/media-center/media-library/media-center/1929,curl_cffi,full,395,7f297c41c84c4798d0db17457cf70fc91e40a467dbd9e612f1b0e75e7aad9920,4655,yes,texts/REG-2020-0013.txt,
REG-2020-0014,primary,https://www.cib.npa.gov.tw/ch/app/news/view?module=news&id=1885&serno=616cabea-3691-447e-a347-7e79fd782fb7,curl_cffi,full,244,d207392f5c8856c2e3738d93aca6309fff7d9c2a9296cf58ca3a4069224d82cc,7876,yes,texts/REG-2020-0014.txt,
REG-2020-0015,primary,https://www.cib.npa.gov.tw/ch/app/news/view?module=news&id=1885&serno=c9fcaf98-08fc-4767-9345-c5e1b6c0ca99,curl_cffi,full,225,ae941cef8be1966f46297bd8d1854454e8a9a2bdff1abbe6fab519a798706f08,6504,yes,texts/REG-2020-0015.txt,
REG-2020-0016,primary,https://www.europol.europa.eu/media-press/newsroom/news/no-safe-market-for-fakes-21-countries-target-illegal-goods-in-europe-wide-sting,raw,full,1301,2b0a80dcd16d03e4e196fd73203b4de726edb4e211e7a21b8501ddf9d78aa9ca,10424,no,,re-fetch the URL; compare its SHA-256
REG-2020-0017,primary,https://www.justiz.bayern.de/gerichte-und-behoerden/generalstaatsanwaltschaft/bamberg/presse/2020/20.php,raw,full,721,5f5f17ed756ec885adb4faa93a36e3fa9c286319a67e70fce7fa83158cb21644,5883,no,,re-fetch the URL; compare its SHA-256
REG-2020-0018,primary,https://www.policia.es/_es/comunicacion_prensa_detalle.php?ID=8089,curl_cffi+cookie (fetch_text.py gave the 78-word cookie shell; re-fetched with a curl_cffi session after POST /cookies_set.php),full,1253,ceb9d86d894f084871f6fead13ae4bd0b49539d1eb311f049b2dc1780c2125eb,8432,yes,texts/REG-2020-0018.txt,
REG-2020-0019,primary,https://www.justice.gov/archives/opa/pr/us-law-enforcement-assists-brazilian-law-enforcement-takedown-numerous-digital-piracy-sites,raw,full,1169,84e5a0e44540726772bf68a4568ac01ce1963155b2ef3e3983897ccccb20ed5f,33901,no,,re-fetch the URL; compare its SHA-256
REG-2020-0020,primary,https://www.eurojust.europa.eu/news/coordinated-action-against-illegal-online-streaming-switzerland,raw,full,695,e1e19727c5137601a9a6a60adc81a272490738462546a4e9b05b4fee8226c8a6,6083,no,,re-fetch the URL; compare its SHA-256
REG-2020-0021,primary,https://www.eurojust.europa.eu/news/new-major-crackdown-on-fraud-with-illegal-use-of-pay-TV-signals,raw,full,2832,9af732c8a399e698ad66113bbb7d2067536e1f5a980c55d47c708fc8116c9ca5,26535,no,,re-fetch the URL; compare its SHA-256
REG-2020-0022,primary,https://www.dsi.go.th/th/Detail/d67af4e15a07b5318df144d6c9f7aa9f,curl_cffi,full,337,724ba5481503662a3bfb54f014a9c3a7e6488317be3235eb7e608030be6af7a1,16032,yes,texts/REG-2020-0022.txt,
REG-2020-0023,primary,https://www.dsi.go.th/th/Detail/46b7686a180b2aa7344d9933d4d9c543,curl_cffi,full,324,b2f8dc8baa4855221d85487f34da46eb8a3059d1a53c56d2086bdc389116831b,15683,yes,texts/REG-2020-0023.txt,
REG-2020-0024,primary,https://www.europol.europa.eu/media-press/newsroom/news/operation-in-our-sites-takes-down-21-910-websites-selling-counterfeit-goods,raw,full,696,8a7b80a42d772e1ef3e06ce471afa874779ec7512cd44b03185b45cc06e5998a,5350,no,,re-fetch the URL; compare its SHA-256
REG-2020-0025,primary,https://www.dinapi.gov.py/portal/v3/noticias/detalle-noticia?idNoticia=82,curl_cffi,full,359,1c1ca1673d6eb56e6232447ba82f8ef08db628d55144c3c63fddce6390826021,2719,yes,texts/REG-2020-0025.txt,
REG-2020-0026,primary,https://www.policia.es/_es/comunicacion_prensa_detalle.php?ID=8302,curl_cffi+cookies_set(manual); fetch_text.py=curl_cffi 78w cookie-wall shell,full,569,f3ec747280482f47cee8a2a0597f781ffd6fda6be34f68aa1a238eaa23a52654,4008,yes,texts/REG-2020-0026.txt,
REG-2021-0001,primary,https://www.cib.npa.gov.tw/ch/app/news/view?module=news&id=1885&serno=294cabfc-b0c5-46f2-a51f-be38274486d7,curl_cffi,full,248,366dcbf4da75d0db88ca5c5c01cac82443364fb2db0d7e758f362f1cd8961211,8322,yes,texts/REG-2021-0001.txt,
REG-2021-0002,primary,https://www.dsi.go.th/th/detail/350e6966251a5dbe7dfc57f07c634a3d,curl_cffi,full,355,cc170fd97e17be5b17f7b23b283e916f6f4f311bb396653d30e34c640ad700df,17094,yes,texts/REG-2021-0002.txt,
REG-2021-0003,primary,https://www.policia.es/_es/comunicacion_prensa_detalle.php?ID=8448,curl_cffi+cookies_set,full,908,eb2ab21a0e5607cb5c31577ca9b74a95e3d3d3a5ff9e23f1741049afdbff56ae,6171,yes,texts/REG-2021-0003.txt,
REG-2021-0004,primary,"https://policja.pl/pol/aktualnosci/200171,18-latek-odpowie-za-nielegalny-streaming.html",curl_cffi,full,747,f8f0f5a45be7fb989f4094e8a1fc26680bdfa8c2cefdeb025c1022b8e7d4438f,6894,yes,texts/REG-2021-0004.txt,
REG-2021-0005,primary,https://www.cmjornal.pt/portugal/detalhe/pj-envolvida-em-operacao-que-acabou-com-o-mobdro-maior-plataforma-de-tv-pirata-na-internet,raw,full,1383,0f62332921872c88d70f88df5cd53e32400cf03bbcec2ae87ba8b82d6ed53264,18815,no,,re-fetch the URL; compare its SHA-256
REG-2021-0006,primary,https://www.justiz.bayern.de/gerichte-und-behoerden/generalstaatsanwaltschaft/bamberg/presse/2021/5.php,raw,full,777,2dcf52595d1775907a15381e13a7200c6f0a31d5e7ee51733cc8f878243d4e13,6053,no,,re-fetch the URL; compare its SHA-256
REG-2021-0007,primary,https://www.cib.npa.gov.tw/ch/app/news/view?module=news&id=1885&serno=39c53a44-2e15-46fa-85a5-5f5a37f85a9d,curl_cffi,full,224,e6ac11658e45d0754440ff6f6fd1ec196c91794b798c9a3b6726b2801f622f9c,8034,yes,texts/REG-2021-0007.txt,
REG-2021-0008,primary,https://www.poliziadistato.it/articolo/38609e47c5e5d85944921361,raw,full,524,2b732b897aed6175eb41e13e57d1cacb678af6e0ed7373c4f1fd4169e9e418a5,3927,no,,re-fetch the URL; compare its SHA-256
REG-2021-0009,primary,https://www.gob.pe/institucion/indecopi/noticias/494864-el-indecopi-logra-bloqueo-de-17-sitios-web-ilegales-que-permitian-descargas-de-obras-y-transmision-de-eventos-deportivos,curl_cffi,full,1076,8e9c17d7b15aa67cd110df89b66c65789dd3c452581b566491514dd108c27987,7566,yes,texts/REG-2021-0009.txt,
REG-2021-0010,primary,https://www.gov.br/ancine/pt-br/assuntos/noticias/ancine-participa-de-acao-de-combate-a-pirataria-em-sao-paulo,curl_cffi,full,324,3a1254f2eb87ff60022d75ba47c1c2f603f21e7f9d9887afcfbf905a188b9886,2136,yes,texts/REG-2021-0010.txt,
REG-2021-0011,primary,https://www.policia.es/_es/comunicacion_prensa_detalle.php?ID=9085,curl_cffi+cookies_set,full,1008,a6772aed476f21600eae43970e89c3a81aa8d4daf08d2e7bb67f7edded7ac5e3,6872,yes,texts/REG-2021-0011.txt,
REG-2021-0012,primary,https://www.gov.br/mj/pt-br/assuntos/noticias/ministerio-da-justica-e-seguranca-publica-apresenta-resultados-de-operacao-de-combate-a-piraria-em-nove-estados,raw,full,828,214d979dd9019a0692571020ca0c00a3d190112d97f8d35e4ea67e2ea044c62b,6992,no,,re-fetch the URL; compare its SHA-256
REG-2021-0013,primary,https://www.policiajudiciaria.pt/operacao-dark-stream/,curl_cffi,full,325,fc30bfef22d77d0742d3920c44d6d00f5b3936b442598d6b9155cf0076da811c,2339,yes,texts/REG-2021-0013.txt,
REG-2021-0014,primary,https://www.policia.es/_es/comunicacion_prensa_detalle.php?ID=9661,curl_cffi+cookie (fetch_text.py gave the 78-word cookie shell; re-fetched with a curl_cffi session after POST /cookies_set.php),full,805,52936dc13227dc78754ec578e59071e5bc6fde95bea7940e765e7ee85b31480e,5317,yes,texts/REG-2021-0014.txt,
REG-2021-0015,primary,https://www.justice.gov/archives/opa/pr/multiple-defendants-indicted-alleged-intellectual-property-theft-scheme,doj_fetch,full,1007,da533275c540b090b6d407dc4ca9bfae5d91597699286691a6a20bb24d5af806,7042,yes,texts/REG-2021-0015.txt,
REG-2021-0015,secondary-1,,,,,8600a041894a86952f2dee01c8d206a614b895b808b5dd8a461f8a1d30cd3e26,7456,yes,texts/REG-2021-0015__CC3-3_twin1.txt,
REG-2021-0016,primary,https://www.cib.npa.gov.tw/ch/app/news/view?module=news&id=1885&serno=bc5d5cfb-d65f-4834-9857-9db06b1223d7,curl_cffi,full,220,d1f7347476994f472b57d77099ff15a5b78194d5710127ea7c606711c4e747ed,6331,yes,texts/REG-2021-0016.txt,
REG-2021-0017,primary,https://www.presseportal.de/blaulicht/pm/104232/5045074,curl_cffi,full,747,4ee956e394c516a2cc59a42d1623a1ce8874f49fe794fb3e72078430f83c538b,6509,yes,texts/REG-2021-0017.txt,
REG-2021-0018,primary,https://www.astynomia.gr/2021/10/18/18-10-2021-apo-ti-diefthynsi-dioxis-ilektronikou-egklimatos-synelifthisan-dyo-imedapoi-gia-paravasi-tis-nomothesias-peri-pnevmatikis-idioktisias-kai-peri-prostasias-syndromitikon-ypiresion/,raw,full,588,1e42f0668eb832f2559670cb1acf7c345f4da9464d4f000f979ede0c1624fdac,6923,no,,re-fetch the URL; compare its SHA-256
REG-2021-0019,primary,https://www.astynomia.gr/2021/10/22/22-10-2021-akoma-ena-atomo-synelifthi-apo-ti-diefthynsi-dioxis-ilektronikou-egklimatos-gia-paravasi-tis-nomothesias-peri-pnevmatikis-idioktisias-kai-peri-prostasias-syndromitikon-ypiresion/,raw,full,393,655e4b672843106da25c8aa1e42a1395254242911805082d7c87938f6a8cf2d9,4345,no,,re-fetch the URL; compare its SHA-256
REG-2021-0020,primary,https://www.justice.gov/usao-sdny/pr/minnesota-man-charged-computer-intrusion-and-illegally-streaming-content-four-major,doj_fetch,full,1085,fe5dc6096d7089ba20de02a235327894093e767c960747fa58bca57caf2a17b1,7632,yes,texts/REG-2021-0020.txt,
REG-2021-0020,secondary-1,https://www.justice.gov/usao-sdny/pr/minnesota-man-sentenced-three-years-prison-scheme-commit-computer-intrusion-and,,,,ae35378f5c4f65f341083a611659838fa03721c715855db1eaf61f2f1eb9db32,5661,yes,texts/REG-2021-0020__2.txt,
REG-2021-0021,primary,https://www.cib.npa.gov.tw/ch/app/news/view?module=news&id=1885&serno=2ceaf679-d0dc-4437-953b-01204512c55f,curl_cffi,full,228,38d40ea6e1be065d29f4dadb78afffd18f6249dc1391ad1adab393ba3f66ac6e,8393,yes,texts/REG-2021-0021.txt,
REG-2022-0001,primary,"https://policja.pl/pol/aktualnosci/213952,Nielegalnie-udostepnial-sygnal-telewizji-satelitarnej.html",curl_cffi,full,558,7e51868b5552dbbd0a1718ee4463d347a8e2108ea00e148c6dc626f905970c5a,5432,yes,texts/REG-2022-0001.txt,
REG-2022-0002,primary,https://www.policia.es/_es/comunicacion_prensa_detalle.php?ID=11141,curl_cffi+cookies_set(manual); fetch_text.py=curl_cffi 78w cookie-wall shell,full,997,420d9f03ea3b6196b3bbaaea5464c048ae7a34bf9107db3c4dec4cf18e072d2c,6951,yes,texts/REG-2022-0002.txt,
REG-2022-0003,primary,https://www.policia.es/_es/comunicacion_prensa_detalle.php?ID=11782,curl_cffi+cookies_set,full,655,a24562b92b7a48b810a17c79557533eda71d879637ba7c20a8d12ab29dc9c989,4684,yes,texts/REG-2022-0003.txt,
REG-2022-0004,primary,https://www.astynomia.gr/2022/04/13/13-04-2022-synelifthi-70chronos-pou-drastiriopoiountan-sto-choro-tis-peirateias-syndromitikon-kanalion/,raw,full,548,6ce142ab1892ec1d1c090a0f826bf0cebe450774f62306d1d62cec1d0df877c1,6145,no,,re-fetch the URL; compare its SHA-256
REG-2022-0005,primary,https://www.mcst.go.kr/kor/s_notice/press/pressView.jsp?pSeq=19459,curl_cffi+attachment-pdf(pymupdf),full,500,a44e8f82011c5fc521347dc736492c8507c921c7f67aa46813976c9cc94f4e89,8561,yes,texts/REG-2022-0005.txt,
REG-2022-0005,secondary-1,,,,,ce3c7c7df86aac46bdeced39e6a5260182403466e4563c0f742db4748138ebff,5554,yes,texts/REG-2022-0005__2.txt,
REG-2022-0006,primary,https://www.policia.es/_es/comunicacion_prensa_detalle.php?ID=12282,curl_cffi+cookies_set,full,643,28883afcef9ab5160a2f3f07796b29d5b0332d1c810d0c15cad51093aa9e6e6e,4723,yes,texts/REG-2022-0006.txt,
REG-2022-0007,primary,https://www.astynomia.gr/2022/05/23/23-05-2022-apo-ti-diefthynsi-dioxis-ilektronikou-egklimatos-exichniastikan-dyo-ypotheseis-paraviasis-ton-nomothesion-peri-pnevmatikis-idioktisias-kai-peri-prostasias-syndromitikon-ypiresion/,raw,full,492,a66e41a683c383896ccb79215d0ca312d36a39357bee2672797cfcb49a0aee8b,5814,no,,re-fetch the URL; compare its SHA-256
REG-2022-0008,primary,"https://policja.pl/pol/aktualnosci/219317,Sharing-zlikwidowany.html",curl_cffi,full,301,d44927516f6c9bf44e89379218cbaed38ee90a3ff631eeb9df2a28c89a617a77,2689,yes,texts/REG-2022-0008.txt,
REG-2022-0009,primary,https://www.domstol.se/nyheter/2022/06/forsaljare-av-forprogrammerade-iptv-boxar-och-iptv-abonnemang-har-domts-for-medhjalp-till-brott-mot-signalratten2/,curl_cffi,full,202,1334d9ff949eb224ff91fdef891af6465d1ea0888600a8f21e590398c215b2ed,1625,yes,texts/REG-2022-0009.txt,
REG-2022-0010,primary,https://www.gov.br/mj/pt-br/assuntos/noticias/operacao-404-chega-a-4a-edicao-com-buscas-no-metaverso-suspensao-de-4-canais-e-90-videos-retirados-do-ar,raw,full,1207,bfab0d71d702a5dc977154c00775d1ebe7ae72f19b7bafd1585ec7379a482da6,8375,no,,re-fetch the URL; compare its SHA-256
REG-2022-0011,primary,https://www.gob.pe/institucion/indecopi/noticias/630376-golpe-a-la-pirateria-digital-indecopi-bloquea-147-webs-ilegales-que-explotaban-obras-y-producciones-protegidas-por-el-derecho-de-autor,curl_cffi,full,816,2b9dd4a8eb24ab78027036d819b7d9448182ec2d2ec382d8bf3b41eeb06264a9,5224,yes,texts/REG-2022-0011.txt,
REG-2022-0012,primary,https://www.astynomia.gr/2022/07/11/11-07-2022-apo-ti-diefthynsi-dioxis-ilektronikou-egklimatos-exichniastikan-dyo-ypotheseis-paranomou-diamoirasmou-tileoptikon-syndromitikon-kanalion/,raw,full,490,7a7d4d4d6f5b76eb4b16e227222581a1b639401b06ffdfdacfbb91d95f6f4b14,5874,no,,re-fetch the URL; compare its SHA-256
REG-2022-0013,primary,https://www.poderjudicial.es/cgpj/eu/Botere-Judiziala/Berriak/El-juez-de-la-Audiencia-Nacional-propone-juzgar-a-una-organizacion-criminal-que-gano-15-millones-de-euros-con-la-venta-ilegal-de-contenidos-de-plataformas-pago,raw,full,2850,a75d1df8d5eaf0c34e20366d69868ead87891e7e9c7cf7f8c9caeb3ef0ccbf1a,46818,no,,re-fetch the URL; compare its SHA-256
REG-2022-0014,primary,https://www.newswire.ca/news-releases/five-charged-for-unlawfully-distributing-tv-signals-871976179.html,"curl_cffi (verbatim CNW wire copy, 'SOURCE Royal Canadian Mounted Police'); RCMP original https://www.grc-rcmp.gc.ca/en/news/2022/five-charged-unlawfully-distributing-tv-signals returned HTTP 500 / 34-word shell",full,682,e8034b30cf60b3c19c741fb976192542900eff9a2cfad2a07a7bec3953665f78,4698,yes,texts/REG-2022-0014.txt,
REG-2022-0015,primary,https://www.policia.es/_es/comunicacion_prensa_detalle.php?ID=13621,curl_cffi+cookies_set(manual); fetch_text.py=curl_cffi 78w cookie-wall shell,full,619,3c45c3b782ea617d7dc57147c85b0328fb58a9caeff0e95be44ae97c2a9c4563,4467,yes,texts/REG-2022-0015.txt,
REG-2022-0016,primary,https://copyright.gov.ng/ncc-arrests-suspected-broadcast-pirate-impounds-contrivances/,curl_cffi (HTTP 503 status but full article body returned on retry; first attempt 43-word error page),full,457,c4745c052f2f9ab6e802b7027ab541478895aa07c8a7247cca8af83fbbec16a6,3134,yes,texts/REG-2022-0016.txt,
REG-2022-0017,primary,https://www.police.gov.sg/media-room/news/20221007_17_persons_arr_for_suspected_involvement_in_sales_of_illegal_streaming_devices,raw,full,1230,5b575dadcbe5d16bde3ec27b90225c0a834410b57604b2727890a59b592b2462,10094,no,,re-fetch the URL; compare its SHA-256
REG-2022-0018,primary,https://www.customs.gov.hk/en/customs-announcement/press-release/index_id_3527.html,raw,full,702,4b0f88339950f77159325008169ecfd360c0a6c04045864201a6922db0e7a87b,4805,no,,re-fetch the URL; compare its SHA-256
REG-2022-0019,primary,https://copyright.gov.ng/ncc-raids-real-summit-tv-station-enugu-parleys-stakeholders-against-piracy/,curl_cffi,full,612,75b1890f8860ad75b990ba3be64178b289a7e103d3debf79119c9aee2a322b6d,4181,yes,texts/REG-2022-0019.txt,
REG-2022-0020,primary,https://www.poliziadistato.it/articolo/38636e268a5aba8662396246,raw,full,1092,9728e911f67d46b2dd961e4c6e613f72a589cac12fd3a9532016caef190270b9,8591,no,,re-fetch the URL; compare its SHA-256
REG-2022-0021,primary,https://www.astynomia.gr/2022/11/12/12-11-2022-astynomikoi-tis-ypodiefthynsis-antimetopisis-organomenou-egklimatos-kai-eborias-anthropon-synelavan-47chrono-imedapo-kathos-diapistosan-tin-ebloki-tou-se-peirateia-syndromitiko/,raw,full,634,17ef659d07eb7c79f280a018c0df15aac895913c84b22f4c8ec0805c10ca8b54,7404,no,,re-fetch the URL; compare its SHA-256
REG-2022-0022,primary,https://www.interior.gob.es/opencms/es/detalle/articulo/Operacion-conjunta-de-la-Policia-Nacional-y-EUROPOL-Desarticulada-una-red-criminal-que-distribuia-contenidos-audiovisuales-de-forma-ilegal-a-mas-de-500.000-usuarios-en-varios-paises-europeos/,raw,full,713,07414b5508a0ff3347d4b5b1606d1243d9490098328a50ddda472d056194b15e,5777,no,,re-fetch the URL; compare its SHA-256
REG-2022-0023,primary,https://www.europol.europa.eu/media-press/newsroom/news/international-operation-shuts-down-websites-offering-counterfeit-goods-and-pirated-content,raw,full,1335,759f2279372df06cc8d65f054a7ddad2ac83a5195818c3bf03dae15e42b3bf2b,9704,no,,re-fetch the URL; compare its SHA-256
REG-2022-0024,primary,https://www.ice.gov/news/releases/hsi-baltimore-seizes-55-websites-violated-copyrights-illegally-live-streaming-world,curl_cffi,full,775,701e3d2830dac62cda12b4b9c00706f35e79294d81e3ee09c40f824b6f284d43,5488,yes,texts/REG-2022-0024.txt,
REG-2022-0025,primary,https://www.gob.pe/institucion/indecopi/noticias/679157-el-indecopi-ordena-bloqueo-de-51-sitios-web-piratas-que-difundian-ilegalmente-partidos-del-mundial-de-qatar-peliculas-y-musica,curl_cffi,full,800,2c5546330c5869944f9f7c93e1884201b0de8aa75648e3c87e8979b39812b1ef,6199,yes,texts/REG-2022-0025.txt,
REG-2022-0026,primary,https://www.astynomia.gr/2022/12/15/15-12-2022-exarthrothike-egklimatiki-organosi-pou-drastiriopoiountan-stin-parochi-ypiresion-syndromitikis-tileorasis/,raw,full,671,852048372bc57adcc004611044016565f622d583946e1459d8ff42a592623c46,8354,no,,re-fetch the URL; compare its SHA-256
REG-2022-0027,primary,https://www.ice.gov/news/releases/hsi-baltimore-seizes-another-23-websites-violated-copyrights-illegally-live-streaming,curl_cffi,full,1157,424a29b24eb3281a809883636a205a2f9207c139d55b5e23422460df1d38de13,8019,yes,texts/REG-2022-0027.txt,
REG-2023-0001,primary,https://www.justice.gov/usao-edpa/pr/leader-illegal-copyright-infringement-scheme-sentenced-5-12-years-imprisonment,doj_fetch,full,923,c961b49483c7042eeb20353ce93f3e5ab359b9f0d93b0943d9ce1eeddc724739,6551,yes,texts/REG-2023-0001.txt,
REG-2023-0002,primary,https://www.gov.br/mj/pt-br/assuntos/noticias/operacao-404-5-prende-11-pessoas-e-bloqueia-mais-de-200-sites-e-aplicativos-ilegais,raw,full,1222,3cbb0e2407590efd21debbb1f91ef70e88d90bdfa4fb108049fe10da2c43f503,31687,no,,re-fetch the URL; compare its SHA-256
REG-2023-0003,primary,https://copyright.gov.ng/copyright-commission-confiscates-n2-2-million-infringing-broadcast-materials-in-port-harcourt-arrests-suspects/,curl_cffi,full,395,ce73cf4a95f3c6fb0c4bc4e1cfa0976289d1641e82b93f23688c691ef7523f21,2782,yes,texts/REG-2023-0003.txt,
REG-2023-0004,primary,https://copyright.gov.ng/ncc-arrests-suspected-broadcast-pirate-impounds-contrivances-3/,"curl_cffi (first attempt 503; second attempt returned the article with HTTP 503 status but full body, 394 words)",full,394,ad325767c6010f1dd17f8a3c81aae9ac7c573575c9f535c5b3a74fead1950d5f,2792,yes,texts/REG-2023-0004.txt,
REG-2023-0005,primary,https://coda-cj.jp/en/news/282/,raw,full,5508,57a8e8f554e9eeca434ccacdf04bc3f1bb188af0cb3021e6e7921e270ef644ef,50306,no,,re-fetch the URL; compare its SHA-256
REG-2023-0006,primary,https://coda-cj.jp/en/news/289/,raw,full,1104,c9b97c15197aa87a85d3a83873b55a3c55a8efc91ec77c93b417ee6509a9a979,8361,no,,re-fetch the URL; compare its SHA-256
REG-2023-0007,primary,https://www.fiod.nl/illegale-iptv-aanbieder-uit-de-lucht-gehaald-honderdduizenden-tvs-op-zwart/,curl_cffi,full,422,469c7d6c80b44a8b9d0afe462de847b1dc601e4a2e7178a6953204a835766ddb,2949,yes,texts/REG-2023-0007.txt,
REG-2023-0008,primary,https://www.astynomia.gr/2023/06/08/08-06-2023-exarthrothike-egklimatiki-organosi-pou-drastiriopoiountan-stin-parochi-ypiresion-syndromitikis-tileorasis-2/,raw,full,508,b087bc7a6847f42ff4bba58b3959e757f9494396c8022add6b84fa61fec89761,6236,no,,re-fetch the URL; compare its SHA-256
REG-2023-0009,primary,http://met.provincia.fi.it/news.aspx?n=368846,raw,full,1501,49a343884fa991a40d44f8c8fa99970d7cda281a2fb559ad7c5da4b1af26f303,11173,no,,re-fetch the URL; compare its SHA-256
REG-2023-0010,primary,https://www.alliance4creativity.com/news/ace-action-prompts-arrest-of-a-major-piracy-operator-in-the-middle-east-north-africa-mena-region/,raw,full,3092,9162d6cacded77a2f1a12bc3b58074856fce70ed5754a5a166bf0462b5efe3cc,24557,no,,re-fetch the URL; compare its SHA-256
REG-2023-0011,primary,https://coda-cj.jp/en/news/371/,raw,full,994,493b4b2d175b8df9f315b56f67e1534bcf118eb51578a4cfeb8ea60757f30caf,7860,no,,re-fetch the URL; compare its SHA-256
REG-2023-0012,primary,https://www.dsi.go.th/th/Detail/4d98610a8cfc2171138c49904c51ba7f,curl_cffi,full,456,59f1b9886afd91e4d8202fbefd6f646fff507fa9de6e53c8a9d22374d853142f,17124,yes,texts/REG-2023-0012.txt,
REG-2023-0013,primary,https://www.astynomia.gr/2023/09/29/29-09-2023-exarthrothike-egklimatiki-organosi-paranomis-parochi-ypiresion-syndromitikis-tileorasis-10-syllipseis-pano-apo-25-ekat-evro-paranomo-periousiako-ofelos/,raw,full,745,75b229f098b2082471f998f143fb70eeebf81acceb7d51114a4d6233e37e3165,9040,no,,re-fetch the URL; compare its SHA-256
REG-2023-0014,primary,https://www.customs.gov.hk/en/customs-announcement/press-release/index_id_3929.html,raw,full,568,348a36928e7aad38c0f762758f01267db058f6c6c1b3be0ac1662434f0cfae43,4552,no,,re-fetch the URL; compare its SHA-256
REG-2023-0015,primary,https://www.bundeskriminalamt.at/news.aspx?id=766E495644386B38346E493D,raw,full,1328,5b27e70dd4e73fb260d32614fb48622f58792ae29fa6b627e59ff126ac364fa7,10859,no,,re-fetch the URL; compare its SHA-256
REG-2023-0016,primary,https://www.dsi.go.th/th/Detail/833b449ec77a045c25dadf41854473bc,curl_cffi,full,354,1f62e672e40eae03964e089c2fba93841a122a4136478a5dfc9d4240cd58a254,15074,yes,texts/REG-2023-0016.txt,
REG-2023-0017,primary,https://www.policia.es/_es/comunicacion_prensa_detalle.php?ID=15942,curl_cffi+cookies_set,full,705,d4b30530969a45416e905b41a97bff40c1535d686ac4c9ebfcd987690238b5a3,5291,yes,texts/REG-2023-0017.txt,
REG-2023-0018,primary,https://www.presseportal.de/blaulicht/pm/110977/5640168,curl_cffi,full,512,bb42e9fd983769246188c3571bc2985abac1db326e0873d2420fb1d86d61d3f6,4272,yes,texts/REG-2023-0018.txt,
REG-2023-0019,primary,https://www.dsi.go.th/en/Detail/c251cf221b13160024ae3267e84b5f79,curl_cffi,full,476,734ff44be013e49cc5dbec06c6a02ddb009731979b430f10522f7f7f3e60a281,10636,yes,texts/REG-2023-0019.txt,
REG-2023-0020,primary,"https://policja.pl/pol/aktualnosci/238606,Bydgoszczanin-zatrzymany-za-sharing.html",curl_cffi,full,637,e533a84f4eb73c566843655ca4de1e8570804561dda2a1a218108d833a69ce32,6067,yes,texts/REG-2023-0020.txt,
REG-2023-0021,primary,https://www.gov.br/mj/pt-br/assuntos/noticias/com-apoio-do-mjsp-operacao-internacional-contra-a-pirataria-tira-mais-de-600-sites-irregulares-do-ar,raw,full,1040,d5fe83f2dda4a0115fce8bf015a5b4bd57d045859ef8bcf76ae708642ce2ff5e,8066,no,,re-fetch the URL; compare its SHA-256
REG-2023-0022,primary,https://www.astynomia.gr/2023/12/04/04-12-2023-apo-ti-diefthynsi-dioxis-ilektronikou-egklimatos-exarthrothike-egklimatiki-organosi-pou-drastiriopoiountan-systimatika-stin-paranomi-anametadosi-syndromitikon-kanalion/,raw,full,866,c39b1b47e5cadb5e8c0b37084cf990cff086125151a09421ebd2b45ffe944320,10932,no,,re-fetch the URL; compare its SHA-256
REG-2023-0023,primary,"https://policja.pl/pol/aktualnosci/239128,Kolejny-bydgoszczanin-zatrzymany-za-sharing.html",curl_cffi,full,606,31a3bd663b28d2487e9f9f297e4b6611834ab63de2eb019e50279de819b96261,5926,yes,texts/REG-2023-0023.txt,
REG-2023-0024,primary,https://www.astynomia.gr/2023/12/15/15-12-2023-apo-ti-diefthynsi-dioxis-ilektronikou-egklimatos-synelifthi-45chronos-gia-paranomi-anametadosi-syndromitikon-kanalion/,raw,full,592,956051fed6f89da6fbe0970771e6eead4a6d8d0dbe22f76f41420675e47cf8be,5890,no,,re-fetch the URL; compare its SHA-256
REG-2023-0025,primary,https://www.astynomia.gr/2023/12/19/19-12-2023-apo-ti-diefthynsi-dioxis-ilektronikou-egklimatos-synelifthi-54chronos-gia-peirateia-syndromitikon-kanalion/,raw,full,396,c8f62525b80018f0c63833b5a93a58c0027be7c8237ade7f99cf3910385fa64c,4287,no,,re-fetch the URL; compare its SHA-256
REG-2023-0026,primary,https://www.commissariatodips.it/notizie/articolo/maxi-operazione-della-polizia-postale-contro-lo-streaming-illegale/index.html,raw,full,747,02e2fbe21ca3997672813e5da647d753c424dda96dbfb1f1f0583455b3fa0d9e,5431,no,,re-fetch the URL; compare its SHA-256
REG-2023-0027,primary,https://www.interpol.int/en/News-and-Events/News/2023/Indonesia-Korea-and-INTERPOL-cooperation-shuts-down-illegal-IPTV-service,raw,full,1194,e3a20aa2a401569d779e4dd7e9d1fa65494dfcfe7f8b50ff2e8fbc7ad3a27651,10109,no,,re-fetch the URL; compare its SHA-256
REG-2024-0001,primary,https://bocongan.gov.vn/bai-viet/quang-binh-bat-3-doi-tuong-hoat-dong-pham-toi-xam-pham-quyen-tac-gia-quyen-lien-quan-d22-t37543,curl_cffi,full,2260,38e6d85edec5c0165a7407d5e67308a454b0950fb1ff0419ed154588837049fa,13772,yes,texts/REG-2024-0001.txt,
REG-2024-0002,primary,https://www.dsi.go.th/th/Detail/133504584911699323,curl_cffi,full,296,8875c2b3d7d44d8d341b8f7480447075e913f667a0141360823df61961ad7a5c,12045,yes,texts/REG-2024-0002.txt,
REG-2024-0003,primary,https://www.mcst.go.kr/kor/s_notice/press/pressView.jsp?pSeq=20837,curl_cffi+attachment-pdf(pymupdf),full,358,34721b3a4aef5a8883dfae4d994d16bd0d82d8790d69fb458be3066dc3afc786,8810,yes,texts/REG-2024-0003.txt,
REG-2024-0003,secondary-1,,,,,98e685b1215261916628e13076a471be612551f1360458b80c3b1185fc9616bb,3929,yes,texts/REG-2024-0003__2.txt,
REG-2024-0004,primary,https://www.kcopa.or.kr/lay1/bbs/S1T12C38/F/38/view.do?article_seq=5246,curl_cffi,full,625,374523f9b9252c072ef6160127d62dbc0171694f611f03bb6cf4352bcc284cff,6370,yes,texts/REG-2024-0004.txt,
REG-2024-0005,primary,https://www.astynomia.gr/2024/03/09/09-03-2024-apo-ti-diefthynsi-dioxis-ilektronikou-egklimatos-synelifthi-60chronos-gia-peirateia-syndromitikon-kanalion/,raw,full,559,d4e638a80321b330f445053d0ea17586e18e22ef83f874266c3477ea6a3c8a01,5734,no,,re-fetch the URL; compare its SHA-256
REG-2024-0006,primary,https://www.astynomia.gr/2024/03/14/14-03-2024-apo-ti-diefthynsi-dioxis-ilektronikou-egklimatos-synelifthi-43chronos-gia-peirateia-syndromitikon-kanalion/,raw,full,594,a553bf3411e636c6dd050698ecd1c55ef97012b1af297bc4e7ade8ae2b1487dd,5866,no,,re-fetch the URL; compare its SHA-256
REG-2024-0007,primary,https://www.police.gov.sg/Media-Hub/News/2024/20240326_one_man_and_two_companies_to_be_charged_for_sales_of_illegal_streaming_devices,raw,full,557,479b80cc442a96bcb2167cbb155bcbf62544568275fafe815c0c2bcdd677522c,3801,no,,re-fetch the URL; compare its SHA-256
REG-2024-0008,primary,https://www.dsi.go.th/th/Detail/55110647624f22127447bed87bce7e1c,curl_cffi,full,323,5a72b7d814508673283aeb48da046a9ca56af01ca02f4b71952ddaf0b8d93568,12993,yes,texts/REG-2024-0008.txt,
REG-2024-0009,primary,https://www.astynomia.gr/2024/04/03/03-04-2024-apo-ti-ypodiefthynsi-dioxis-ilektronikou-egklimatos-voreiou-ellados-synelifthisan-2-atoma-gia-peirateia-syndromitikon-kanalion/,raw,full,550,3bdc9042e0c3c2c792c400384b5dc223e6ef4ff43a12b617c8523893afe0b7f9,5131,no,,re-fetch the URL; compare its SHA-256
REG-2024-0010,primary,https://www.domstol.se/nyheter/2024/04/fallande-dom-for-brott-mot-upphovsrattslagen-da-filmer-strommats-via-ip-tv/,curl_cffi,full,154,45351f7fcc9b4d68329af896dc93bd661ac6df662430cd9e1272a883824135ad,1182,yes,texts/REG-2024-0010.txt,
REG-2024-0011,primary,https://www.astynomia.gr/2024/04/10/10-04-2024-apo-ti-diefthynsi-dioxis-ilektronikou-egklimatos-synelifthi-56chronos-gia-peirateia-syndromitikon-kanalion/,raw,full,543,74fb33c3825c80b2aa3bc34267636b8125312b27dd001bb593b44987b935e404,5194,no,,re-fetch the URL; compare its SHA-256
REG-2024-0012,primary,https://www.justice.gov/usao-sc/pr/florida-man-sentenced-one-year-and-one-day-federal-prison-providing-illegal-access,doj_fetch,full,635,7ffde318b32284ad8a01a0222cc28f53d98540f9a26f4bfeba8b6b2f82a20cb0,4460,yes,texts/REG-2024-0012.txt,
REG-2024-0013,primary,https://www.astynomia.gr/2024/05/22/22-05-2024-exarthrothike-egklimatiki-organosi-pou-apokomise-ofelos-5-800-000-evro-apo-paranomi-parochi-ypiresion-syndromitikis-tileorasis/,raw,full,596,75509ae91119e96d17ef3835f5592b1e1d3d177db51dc9c22fe792d1d4340c73,7348,no,,re-fetch the URL; compare its SHA-256
REG-2024-0014,primary,https://www.policia.es/_es/comunicacion_prensa_detalle.php?ID=16215,curl_cffi+cookies_set,full,760,881aea43ee2a74cf061cea3a98bedef5fc360aee1cfc903c55ace69384b12a9a,5422,yes,texts/REG-2024-0014.txt,
REG-2024-0015,primary,https://www.presseportal.de/blaulicht/pm/110972/5791460,curl_cffi,full,605,68c43c83a5fa3e8cc6d1f1565bac68cd75f587414efba622476b9a79b33894cd,5369,yes,texts/REG-2024-0015.txt,
REG-2024-0016,primary,https://www.dsi.go.th/th/Detail/da997d4012091d79d2691161d5dcd8c1,curl_cffi,full,332,666b3eec1850b3028fe11904e1372ee181eaa58a3b6c35b27375cac43c10428f,15930,yes,texts/REG-2024-0016.txt,
REG-2024-0017,primary,"https://policja.pl/pol/aktualnosci/246312,Dwaj-mieszkancy-Podkarpacia-odpowiedza-za-sharing-Zatrzymali-ich-bydgoscy-policj.html",curl_cffi,full,683,9e3021abfb38fa76fca4e8d2784a39ae0e6a5a936f7c779e444695ee2427ec71,6506,yes,texts/REG-2024-0017.txt,
REG-2024-0018,primary,https://www.info.gov.hk/gia/general/202406/12/P2024061200696.htm,raw,full,614,69aff32c30d57b8ce604b2155f89521c3634e95ef9e6eea865de6f6df6cf0484,4355,no,,re-fetch the URL; compare its SHA-256
REG-2024-0019,primary,https://www.bka.de/DE/IhreSicherheit/Fahndungen/Personen/BekanntePersonen/Selimi/SelimiKastriot/selimiKastriot.html,curl_cffi,full,209,b04f0f7a25533bba12f55d9a97170aeaa1760de4b59b6df868f7d36134fa35ee,1978,yes,texts/REG-2024-0019.txt,
REG-2024-0020,primary,https://www.gdf.gov.it/it/gdf-comunica/notizie-ed-eventi/comunicati-stampa/anno-2024/giugno/contrasto-al-fenomeno-della-pirateria-audiovisiva,curl_cffi,full,518,e42dfa9ea0a137037d8c2ec4e61adf4fe17d4e81c59ba245fc946c6f8c744dc6,3775,yes,texts/REG-2024-0020.txt,
REG-2024-0021,primary,https://www.domstol.se/nyheter/2024/06/fallande-dom-i-mal-om-upphovsrattsbrott-som-skett-via-en-iptv-tjanst/,curl_cffi,full,199,4eb2603f52875b91546534a5f77bcf5d3d59b8d331537a56c27b4c3192c9abf0,1424,yes,texts/REG-2024-0021.txt,
REG-2024-0022,primary,"https://policja.pl/pol/aktualnosci/247009,Policjanci-zlikwidowali-nielegalny-proceder-sharingu.html",curl_cffi,full,607,bb305aa2c8484f4f909ff6fe980da8f498ea96d00dd5eb3442c30a0fdf66e34c,5761,yes,texts/REG-2024-0022.txt,
REG-2024-0023,primary,https://www.gob.pe/institucion/indecopi/noticias/978379-indecopi-ordena-bloqueo-de-23-sitios-web-pirata-que-retransmitian-partidos-de-futbol-de-la-liga-1-infringiendo-derecho-de-autor,curl_cffi,full,382,e0e2fad241efd505bdf28d9e05eeb696dacb8cdf5eb5bb931f249fdb5a5bead2,2572,yes,texts/REG-2024-0023.txt,
REG-2024-0024,primary,https://www.domstol.se/nyheter/2024/07/grovt-upphovsrattsbrott-avseende-illegal-iptv/,curl_cffi,full,209,92a93019420453c009ef73217b27928c4a805586a644f52c9bbd8e8f79a5a7cf,1575,yes,texts/REG-2024-0024.txt,
REG-2024-0025,primary,https://coda-cj.jp/en/news/513/,raw,full,3198,0ecd12b0f8b820e54e2b9b9de40fb227f98b2a46d40967f17133cc5a49cf895e,23093,no,,re-fetch the URL; compare its SHA-256
REG-2024-0026,primary,https://www.astynomia.gr/2024/07/22/22-07-2024-apo-ti-diefthynsi-dioxis-ilektronikou-egklimatos-synelifthi-25chronos-gia-peirateia-syndromitikon-kanalion/,raw,full,416,73400f4d548ab3b6e32b832a39a698ad4e87e0fe12ac7d4ade255914d0255c70,4458,no,,re-fetch the URL; compare its SHA-256
REG-2024-0027,primary,https://www.dsi.go.th/th/Detail/3a476a0b57f0a1f19530a4312c26fa3f,curl_cffi,full,411,849bd3fecb55e441890329387d5f830af9047eb27d9813a869901cf93f755769,18615,yes,texts/REG-2024-0027.txt,
REG-2024-0028,primary,https://immigration.gov.ph/bi-agents-nab-korean-fugitive-wanted-for-copyright-violation-in-pampanga/,raw,full,1437,957232c76c09565929e048f2d15e038c0945a5f12a50b0d203812684c193ac11,10597,no,,re-fetch the URL; compare its SHA-256
REG-2024-0029,primary,https://www.presseportal.de/blaulicht/pm/57922/5842670,curl_cffi,full,471,071a38a096b45b208f9a94c7bda0120b64d37319fc5c9ceb8144bc28e41e401d,3976,yes,texts/REG-2024-0029.txt,
REG-2024-0030,primary,https://www.mcst.go.kr/kor/s_notice/press/pressView.jsp?pSeq=21316,"curl_cffi (HTML page = title/date only, 553 words of chrome) + attached PDF downloaded and extracted with pymupdf (manual; 3 pages) - appended below a marker in DKR-3.txt",full,951,2e959c4c1248c52de17b3e9d5d820a9f5435bfd945b6124a2162f8acebeb2510,12739,yes,texts/REG-2024-0030.txt,
REG-2024-0031,primary,https://coda-cj.jp/en/news/535/,raw,full,1209,9a592678362252b396705bb984adb142ccca517e22e446fed0e371653e216650,9363,no,,re-fetch the URL; compare its SHA-256
REG-2024-0032,primary,https://news.tuoitre.vn/news/society/20240831/vietnam-police-bust-worlds-largest-film-piracy-website-based-in-hanoi/81727.html,raw,full,35816,9c5649283d0ce4c968a7df87e40e32efc2bd4cc86bca6d69a6fb0484fb8c44e8,472982,no,,re-fetch the URL; compare its SHA-256
REG-2024-0033,primary,https://www.spo.go.kr/common/board/Download.do?bcIdx=1060099&cbIdx=1403&streFileNm=b6d87f22-8bd6-42d3-956a-785aa1686d4d.pdf,raw,full,399,559396706a239e46f0b984b2a8e599398ae010461bcf183ad753e61ce33606bb,4798,no,,re-fetch the URL; compare its SHA-256
REG-2024-0034,primary,https://www.alliance4creativity.com/news/ace-and-egyptian-authorities-dismantle-largest-piracy-site-in-middle-east-north-africa-mena-region/,raw,full,1892,e41f4ecc2b148a6801e18cfc911e1ac2300fcb4db4edd71b052530e6ba8dd10b,14570,no,,re-fetch the URL; compare its SHA-256
REG-2024-0035,primary,https://www.dsi.go.th/th/Detail/1d37b73cc9cbb3c6fdebab999780fc61,curl_cffi,full,327,ea10e5ba967cce164ee00fc3591591638f6e227848c574ae7d86c1e0ff9dae0f,14234,yes,texts/REG-2024-0035.txt,
REG-2024-0036,primary,https://www.gov.br/mj/pt-br/assuntos/noticias/operacao-internacional-contra-pirataria-tira-do-ar-675-sites-e-14-aplicativos-de-streaming,raw,full,566,52bf3e8e81e6daf3ac7c71e5285f52dfb4e82e1dad1719b5695648878e3f6ec5,4296,no,,re-fetch the URL; compare its SHA-256
REG-2024-0037,primary,https://www.domstol.se/nyheter/2024/09/fallande-dom-i-mal-om-medhjalp-till-upphovsratts-brott-som-skett-via-en-illegal-iptv-tjanst/,curl_cffi,full,146,2cace803ee06176bc15047c38f498f7da941fea45f7a7ba832c29de263b18729,1143,yes,texts/REG-2024-0037.txt,
REG-2024-0038,primary,https://www.info.gov.hk/gia/general/202409/24/P2024092400495.htm,raw,full,582,32ed962f9ca159d9445e93170ce582da86008c27b1ec2bfd3bd01c62086796d2,4129,no,,re-fetch the URL; compare its SHA-256
REG-2024-0039,primary,https://www.mai.gov.ro/perchezitii-la-persoane-cercetate-pentru-punerea-la-dispozitia-publicului-fara-drept-a-operelor-sau-a-produselor-purtatoare-de-drepturi-conexe-streaming-tv/,curl_cffi,full,474,efbb9ba733bffe28b18c7e20952695c34ee8d2b629cee3d084d503aaada420b6,3523,yes,texts/REG-2024-0039.txt,
REG-2024-0040,primary,https://www.anninhthudo.vn/,raw,full,61648,f788008eeebb9267feb4b892f44a22af14a3b550a84d92a3a1cd89f40ba1210f,457758,no,,re-fetch the URL; compare its SHA-256
REG-2024-0041,primary,https://www.presseportal.de/blaulicht/pm/50366/5874608,curl_cffi,full,721,5d80fb5de021dfca07642210ed9cb8cdc63a92dd3873fc60b22e61bbc3053d05,6056,yes,texts/REG-2024-0041.txt,
REG-2024-0042,primary,https://piracymonitor.org/kenya-hub-of-score808-pirate-streaming-site-raided-and-dismantled/,raw,full,1032,d1e3512244d0980fa6e82aa2ae31a083c9336a914016397eeaa4590588ec356c,11930,no,,re-fetch the URL; compare its SHA-256
REG-2024-0043,primary,https://www.ipophil.gov.ph/news/ipophl-recommends-blocking-six-piracy-sites-on-natl-anti-piracy-month/,curl_cffi,full,714,7b134a3bb65eaadbcc8f6a0849bd3cd40be79fbe9391604c0ff73edbde0bea10,5128,yes,texts/REG-2024-0043.txt,
REG-2024-0044,primary,https://www.astynomia.gr/2024/10/31/31-10-2024-apo-ti-diefthynsi-dioxis-ilektronikou-egklimatos-exichniastike-ypothesi-paranomis-anametadosis-syndromitikon-tileoptikon-ypiresion/,raw,full,507,6ddf2d7f3dcea97785101c31fd5fd289512313f015f914bc1de3ecd5bb4188ba,6195,no,,re-fetch the URL; compare its SHA-256
REG-2024-0045,primary,https://www.dsi.go.th/th/Detail/5499ab7445caea86c86b14b978ef842d,curl_cffi,full,282,77b97cc5c15afe4f4700544504a847a70e70a3461649f4f93cc053b4f6f5e1fa,13094,yes,texts/REG-2024-0045.txt,
REG-2024-0046,primary,https://www.astynomia.gr/2024/11/08/08-11-2024-apo-ti-diefthynsi-dioxis-ilektronikou-egklimatos-synelifthisan-2-atoma-gia-paranomi-metapolisi-syndromitikon-tileoptikon-kanalion/,raw,full,472,d552fab5ca0cc4f134ce5f02de4b83b01f8685e5e239393f80334a078bb12655,5391,no,,re-fetch the URL; compare its SHA-256
REG-2024-0047,primary,https://www.justice.gov/archives/opa/pr/brothers-residing-new-york-and-bangladesh-charged-running-digital-streaming-piracy-scheme,raw,full,3459,b900b18066d5bc9b27321884320d616d9dff6643aa57227a94cb9fef6c36aab4,26127,no,,re-fetch the URL; compare its SHA-256
REG-2024-0048,primary,https://www.dinapi.gov.py/portal/v3/noticias/detalle-noticia?idNoticia=497,curl_cffi,full,499,43f291456a916d9d8348f71c0d505fd689b0caec210505bc7996ccae96e913b1,3680,yes,texts/REG-2024-0048.txt,
REG-2024-0049,primary,https://www.info.gov.hk/gia/general/202411/25/P2024112500306.htm,raw,full,541,148003ead6f305448308c27b942a4954da47b4fabdcd89feb1c20ede1d694895,3813,no,,re-fetch the URL; compare its SHA-256
REG-2024-0050,primary,https://www.europol.europa.eu/media-press/newsroom/news/european-law-enforcement-stops-illegal-iptv-service-providers,raw,full,4356,9d3c6f7c4e9189bcacba3fd281b6888ab68f2a84d0debdbf4a2814adcdc8fb27,36984,no,,re-fetch the URL; compare its SHA-256
REG-2024-0051,primary,https://enforcementdirectorate.gov.in/media/press-release-documents/5bef21e1-01a2-41fb-b358-bd2260b2db45_Press%20Release-%20-Search-Magicwin%2017122024%201.pdf,curl_cffi+pymupdf,full,437,7845b618cfbfd64e9e9d6eb0937e3235112c007f53d8095b4ce270402bc6471c,3108,yes,texts/REG-2024-0051.txt,
REG-2024-0051,secondary-1,https://enforcementdirectorate.gov.in/media/press-releases/0dc71a69-9885-406c-a1d2-3c58f79e0f5d_Press%20Release%20-%20PC-Magicwin%2017.01.2026(3)%20(1).pdf,,,,499cd8bf8c1605a8705219777542c49d33110082c88aad860aebb863a1a6ea54,2504,yes,texts/REG-2024-0051__2.txt,
REG-2024-0052,primary,https://www.gdf.gov.it/it/gdf-comunica/notizie-ed-eventi/comunicati-stampa/anno-2024/dicembre/violazione-della-normativa-sul-diritto-dautore-e-reinvestimento-dei-relativi-proventi-illeciti,curl_cffi,full,685,800e84e3dd6080a9f9fac3b50eb65fc76c57e689750cb304020fb359e945b14d,4803,yes,texts/REG-2024-0052.txt,
REG-2024-0053,primary,https://www.astynomia.gr/2024/12/19/19-12-2024-apo-ti-diefthynsi-dioxis-ilektronikou-egklimatos-synelifthi-48chronos-gia-paranomi-polisi-syndromitikon-tileoptikon-kanalion/,raw,full,618,ed0774b848cf27a62cf989b7e05182943a9d3cbaa140141a53b487596441295e,6209,no,,re-fetch the URL; compare its SHA-256
REG-2024-0054,primary,https://www.alliance4creativity.com/news/ace-shutters-one-of-the-largest-live-sports-piracy-rings-in-the-world/,raw,full,1679,6aff2c68cc6b0fabbbc704bd9155f8b95d54a2f78fae9d5e6132859cf44952c1,13291,no,,re-fetch the URL; compare its SHA-256
REG-2025-0001,primary,https://www.astynomia.gr/2025/01/30/30-01-2025-synelifthi-44chronos-imedapos-stin-kefalonia-gia-paranomi-anametadosi-syndromitikon-kanalion/,raw,full,540,7a03e59563a98c164512e9fd590df55ef4a3e5da9599d56c4770156a3f59ca5c,5071,no,,re-fetch the URL; compare its SHA-256
REG-2025-0002,primary,https://www.koreatimes.co.kr/www/nation/2025/02/281_391905.html,raw,full,638,b05bea98f5180afb64d12871b12322169413bf691787e6358ce9480dc0efc078,5240,no,,re-fetch the URL; compare its SHA-256
REG-2025-0003,primary,https://www.astynomia.gr/2025/02/13/13-02-2025-synelifthisan-2-atoma-gia-ypothesi-paranomis-polisis-kai-anametadosis-syndromitikon-tileoptikon-kanalion/,raw,full,334,d31d9215f28247519b49fc7ed0ffdb76f5e86319c54bc1eca6ac87b15d59552f,3935,no,,re-fetch the URL; compare its SHA-256
REG-2025-0004,primary,https://enforcementdirectorate.gov.in/media/press-release-documents/64885e91-218a-4870-8f9c-0ac864fee193_Press%20Release%20-Arrest%20Fairplay-14022025.pdf,"curl_cffi+pymupdf(manual PDF text extraction; fetch_text.py returned raw PDF bytes, 7951 'words' of binary)",full,241,4c587ea59719efa36d321252c2ea201af45f26591ba75667fc478c498ef2ee0a,1785,yes,texts/REG-2025-0004.txt,
REG-2025-0005,primary,https://www.policia.es/_es/comunicacion_prensa_detalle.php?ID=16466,raw,full,1146,f02721e67f21d8a6728a30ebb1da94bb509c5dc6be8ca7a2614a4306961270a7,8984,no,,re-fetch the URL; compare its SHA-256
REG-2025-0006,primary,https://www.gob.pe/institucion/indecopi/noticias/1117472-indecopi-ordena-el-bloqueo-de-128-sitios-web-piratas-que-transmitian-partidos-de-futbol-de-la-liga-1-sin-autorizacion,curl_cffi,full,384,b20894574797f87b84ba331718632265cadf72c9eef69491ce6b4d73c767e1d9,2464,yes,texts/REG-2025-0006.txt,
REG-2025-0007,primary,https://coda-cj.jp/en/news/683/,raw,full,1942,08cad2c0126eb971eb937ac166bb45e9683e185f33f0695bf1ffd59bbdc3636f,15218,no,,re-fetch the URL; compare its SHA-256
REG-2025-0008,primary,https://www.justiz.bayern.de/gerichte-und-behoerden/generalstaatsanwaltschaft/bamberg/presse/2025/5.php,raw,full,338,a874f3e50be8216d36fac8c1970a2c8476076c00aecc3f0cac125deb404327fa,2896,no,,re-fetch the URL; compare its SHA-256
REG-2025-0009,primary,https://www.policia.es/_es/comunicacion_prensa_detalle.php?ID=16497,curl_cffi+cookie (fetch_text.py gave the 78-word cookie shell; re-fetched with a curl_cffi session after POST /cookies_set.php),full,808,ae581bde7e423ed08da0caaa7fe79ffa2803c056e209638280120de972135076,5457,yes,texts/REG-2025-0009.txt,
REG-2025-0010,primary,https://www.info.gov.hk/gia/general/202503/26/P2025032600568.htm,raw,full,751,18ce27fbd0e487fe4c9fde3ab236f2e80f517d2a08145635f605f0290ffca0cd,5288,no,,re-fetch the URL; compare its SHA-256
REG-2025-0011,primary,https://koeln.polizei.nrw/presse/streaming-dienst-inhalte-an-etliche-nutzer-verteilt,curl_cffi,full,262,0ac299e2406d38800b217a32633263404ef3f44f463721c8e1136961d73aa965,2338,yes,texts/REG-2025-0011.txt,
REG-2025-0012,primary,https://www.kcopa.or.kr/lay1/bbs/S1T12C38/F/38/view.do?article_seq=6373,curl_cffi,full,722,f248e43a8f75de853d009a72923817482854ee2c54ed0c77d4fc0f85526f4bca,7147,yes,texts/REG-2025-0012.txt,
REG-2025-0013,primary,https://www.astynomia.gr/2025/05/16/16-05-2025-synelifthisan-stin-arta-dyo-imedapoi-pou-eichan-systisei-egklimatiki-omada-parochis-paranomon-ypiresion-syndromitikis-tileorasis-se-ipeiro-kai-aitoloakarnania/,raw,full,745,0ef4a90ac7c567a12629a73d9db19dd2b73db868416daabe6ac8df70c74e88f2,8277,no,,re-fetch the URL; compare its SHA-256
REG-2025-0014,primary,https://www.gov.br/ancine/pt-br/assuntos/noticias/ancine-e-anatel-avancam-no-combate-a-pirataria-digital,curl_cffi,full,491,41deecc61c5bee193193a80066e6752d5a5f64a6609e39c22127abf02107a43d,3416,yes,texts/REG-2025-0014.txt,
REG-2025-0015,primary,https://news.economie.fgov.be/250728-halt-aan-illegale-streaming-bijna-150-websites-ontoegankelijk-gemaakt-in-een-jaar/,curl_cffi,full,1187,ffb4d23e73654535795bd8ecd681d46f36f9ca89139de9f465da673f2bd462d4,8175,yes,texts/REG-2025-0015.txt,
REG-2025-0016,primary,https://copyright.gov.ng/ncc-portharcourt-raids-piracy-spots-impounds-contrivances/,curl_cffi,full,282,e549c29d2b575c334e361d4f50ee845386ed885b3d4ca9769da741e5d0d9f6a6,2042,yes,texts/REG-2025-0016.txt,
REG-2025-0017,primary,https://www.police.gov.sg/Media-Hub/News/2025/06/20250625_duo_arrested_for_involvement_in_sales_of_illegal_streaming_devices,raw,full,452,b97fc05e435dbcecaa375787ac36dba999b12ca8975165dad56a859be9f94413,3081,no,,re-fetch the URL; compare its SHA-256
REG-2025-0018,primary,https://www.cityoflondon.police.uk/news/city-of-london/news/2025/june/man-jailed-after-making-300000-from-illegal-streaming-service/,raw,full,1428,da6e983120dc474cc064d12df40e40318c2968ceca391ac1292b3dd939bff594,36081,no,,re-fetch the URL; compare its SHA-256
REG-2025-0019,primary,https://www.customs.gov.hk/en/customs-announcement/press-release/index_id_4662.html,raw,full,598,7cd2a90b5905f055a2677beb8a0c7babaa4e03cbd96b15989c3a544686c909a9,4297,no,,re-fetch the URL; compare its SHA-256
REG-2025-0020,primary,https://www.justiz.bayern.de/gerichte-und-behoerden/generalstaatsanwaltschaft/bamberg/presse/2025/15.php,raw,full,673,6993d04e454ad611641b719e0b6694f0c70c59d63af845ce0bf2e82700442b7c,6402,no,,re-fetch the URL; compare its SHA-256
REG-2025-0021,primary,https://www.dsi.go.th/th/Detail/133976368902962539,curl_cffi,full,372,efcfaf6885e3f3856f88d1ffe1dfe5dd15cd26638231fc577daa495674fac78d,15471,yes,texts/REG-2025-0021.txt,
REG-2025-0022,primary,https://www.deportv.gob.ar/futbol/pirateria-audiovisual-detuvieron-vendedores-ilegales-magistv-argentina-nid:5632,raw,full,1173,7dd7f333dfd035ffbe01020a3e8afcc7672ecc5a292bc7baccbb4ebdf7bcfca5,20063,no,,re-fetch the URL; compare its SHA-256
REG-2025-0023,primary,https://www.gob.pe/institucion/indecopi/noticias/1214103-indecopi-bloquea-427-sitios-web-por-pirateria-digital-de-peliculas-musica-literatura-y-transmisiones-en-vivo,curl_cffi,full,391,73d3eb418e872f03e6f5682f8a0c4cb3a6adc56dbe4e0bc782bd274a1da16a8e,2581,yes,texts/REG-2025-0023.txt,
REG-2025-0024,primary,https://www.dsi.go.th/th/Detail/f88254b5ad1926bcdf3ca5584319d87c,curl_cffi,full,386,ce557c72bcba07e2de679a8bd3431189dfc29e1a0323440ecc49fa5cfa495b71,16443,yes,texts/REG-2025-0024.txt,
REG-2025-0025,primary,https://www.laliga.com/en-GB/news/major-crackdown-on-audiovisual-piracy-creator-of-al-angulo-tv-arrested-for-illegally-broadcasting-football-matches,raw,full,282,131c6ed6b410ecab5d30a3be624f459dacdda82eb60ed8861b585d94e85f16ec,2493,no,,re-fetch the URL; compare its SHA-256
REG-2025-0026,primary,https://www.laliga.com/en-GB/news/massive-operation-in-argentina-dismantles-global-piracy-network-with-over-8-million-users,raw,full,338,269cf5907bc149495f5f69ed6d13ef0cd3c44b1adb275c38e6fde236dd907215,2750,no,,re-fetch the URL; compare its SHA-256
REG-2025-0027,primary,https://www.alliance4creativity.com/news/egyptian-authorities-and-ace-shut-down-worlds-largest-live-sports-piracy-ring/,raw,full,38256,301dc2f9ff0031e36f08dbb29f69d78075e8756b7a7d177df2ae2a7964a7e77b,535933,no,,re-fetch the URL; compare its SHA-256
REG-2025-0028,primary,https://pgr.gob.do/ministerio-publico-puso-en-marcha-la-operacion-domo-contra-la-pirateria/,raw,full,1493,00c20402a8cfaba7576c8a26db20c1b6b6e4d45ba4c403075d945893724a32ec,43268,no,,re-fetch the URL; compare its SHA-256
REG-2025-0029,primary,https://www.gdf.gov.it/it/gdf-comunica/notizie-ed-eventi/comunicati-stampa/anno-2025/settembre/avviata-vasta-operazione-anti-pirateria-audiovisiva,raw,full,714,47e7179c15c186e50b350cb60aa7a38e39b61ae01d62e065f40098e3a453149e,5843,no,,re-fetch the URL; compare its SHA-256
REG-2025-0030,primary,https://www.poliziadistato.it/articolo/operazione--gotha-2---arrestati-sette-pirati-dello-streaming-illegale,raw,full,985,49252ca220d6235101cc53660bbf08beba9e2e0d1f584fefac2515bdea5307cf,8072,no,,re-fetch the URL; compare its SHA-256
REG-2025-0031,primary,https://www.koreaherald.com/article/10589239,raw,full,2443,65bf89776a08bc22fe76c92631b71a3f34c91b6d210a951d062e5461d117986a,19431,no,,re-fetch the URL; compare its SHA-256
REG-2025-0032,primary,https://www.ipophil.gov.ph/news/ipophl-requests-to-block-several-piracy-sites-calls-for-respect-of-creators-rights-this-national-anti-piracy-month/,curl_cffi,full,751,c88b0875bf3cac0ee4ea38341e58e4e9e231074c06016140140a1902ae9ab53c,5440,yes,texts/REG-2025-0032.txt,
REG-2025-0033,primary,https://tech-ish.com/2025/10/13/waka-tv-underground-network-exposed-eldoret-dci-raid-cuts-off-64-subscribers/,raw,full,1169,f5d6012506861cfa6ec39077d94367d062732d74c7b300fce11459b8e33a1dcf,8688,no,,re-fetch the URL; compare its SHA-256
REG-2025-0034,primary,https://www.cib.npa.gov.tw/ch/app/news/view?module=news&id=1885&serno=678ae8e8-da35-445a-9d67-8355f4b93c23,curl_cffi,full,218,3ce50e5741e3ab2fbe1e014ae0257388c26fe011fba7b958bfde563b71ebeb0d,8339,yes,texts/REG-2025-0034.txt,
REG-2025-0035,primary,https://www.dsi.go.th/th/Detail/bc63c9f9d9240e93f934640aacd52911,curl_cffi,full,292,4fe2e557d3e08a347aa48c7f67ab6dbae8c9107917005baf35b0b11da96346d4,14377,yes,texts/REG-2025-0035.txt,
REG-2025-0036,primary,https://www.europol.europa.eu/media-press/newsroom/news/eur-47-million-in-crypto-traced-to-disrupt-digital-piracy-services,raw,full,1899,44245866b79ae1018482f48b2be7e250aa479e296caee6c6ee11e7ccfe518a11,15017,no,,re-fetch the URL; compare its SHA-256
REG-2025-0037,primary,https://www.astynomia.gr/2025/11/21/21-11-2025-syllipsi-48chronou-kai-dikografia-se-varos-68-atomon-gia-paravasi-tis-nomothesias-gia-tis-syndromitikes-ypiresies-kai-tin-pnevmatiki-idioktisia/,raw,full,460,c469744facdfd1640b642232acd5573958494267c2bee45d5a219bf406f68aa7,6184,no,,re-fetch the URL; compare its SHA-256
REG-2025-0038,primary,https://www.dsi.go.th/th/Detail/fd77ecbf123cfd04ee1d916b1b234cb7,curl_cffi,full,282,cfac74e7b9d1157b74675a433edc6572a1039f8414c2f43d5c444b14c0f977f3,12365,yes,texts/REG-2025-0038.txt,
REG-2025-0039,primary,https://www.gov.br/mj/pt-br/assuntos/noticias/forca-tarefa-internacional-contra-pirataria-tira-do-ar-535-sites-e-um-aplicativo-de-streaming,raw,full,1385,e91f587506cb65fc0ef83069d31bdda70423d93b484f734307c05426340fd671,9966,no,,re-fetch the URL; compare its SHA-256
REG-2025-0040,primary,https://www.policiajudiciaria.pt/operacao-sinal-aberto-detencoes-por-exploracao-ilicita-de-servicos-iptv/,curl_cffi,full,317,27e946a240695bfb22d1867ade4cbb3d38bec4b9d7d59d495a8628a4873261d3,2421,yes,texts/REG-2025-0040.txt,
REG-2026-0001,primary,https://www.dsi.go.th/th/Detail/63ad6f30ab238a97a2517c1a96dec9da,curl_cffi,full,309,f1aa8399e9499ec45b991c3ff8f6e16b79e2fd449fbe12141cf3135723d09a91,15182,yes,texts/REG-2026-0001.txt,
REG-2026-0002,primary,https://www.poliziadistato.it/articolo/166979f86bd0846335000880,raw,full,4109,03b16a650ff7acae8cfa5c2f124d22e0ffa0ae9365b3f264607cf5e4e6ddf809,32697,no,,re-fetch the URL; compare its SHA-256
REG-2026-0003,primary,https://www.alliance4creativity.com/news/fourth-sim-lim-square-retailer-imprisoned-for-selling-illegal-streaming-devices/,raw,full,1489,d4b718520e548c405b8ac3e77dabe8d8eb3a9b9adf79c67be06a26f44de57fd1,10033,no,,re-fetch the URL; compare its SHA-256
REG-2026-0004,primary,https://www.alliance4creativity.com/news/fourth-sim-lim-square-retailer-imprisoned-for-selling-illegal-streaming-devices/,raw,full,1489,d4b718520e548c405b8ac3e77dabe8d8eb3a9b9adf79c67be06a26f44de57fd1,10033,no,,re-fetch the URL; compare its SHA-256
REG-2026-0005,primary,https://www.alliance4creativity.com/news/fourth-sim-lim-square-retailer-imprisoned-for-selling-illegal-streaming-devices/,raw,full,1489,d4b718520e548c405b8ac3e77dabe8d8eb3a9b9adf79c67be06a26f44de57fd1,10033,no,,re-fetch the URL; compare its SHA-256
REG-2026-0006,primary,https://www.alliance4creativity.com/news/fourth-sim-lim-square-retailer-imprisoned-for-selling-illegal-streaming-devices/,raw,full,1489,d4b718520e548c405b8ac3e77dabe8d8eb3a9b9adf79c67be06a26f44de57fd1,10033,no,,re-fetch the URL; compare its SHA-256
REG-2026-0007,primary,https://www.dsi.go.th/th/Detail/c3266de388a5db321dc29c63f41dffc8,curl_cffi,full,280,683f4cd9090c680549dd36225bc3cdcabb960047c4f9eebc8861752b35743565,10157,yes,texts/REG-2026-0007.txt,
REG-2026-0008,primary,https://www.garda.ie/en/about-us/our-departments/office-of-corporate-communications/press-releases/2026/february/seizure-of-electronic-devices-and-closure-of-iptv-streaming-service-galway-6th-february-2026.html,curl_cffi,full,232,779e545863a22adc4647746a7caac6d08c097f6ae3d083185e701f84cba092e8,1543,yes,texts/REG-2026-0008.txt,
REG-2026-0009,primary,https://bocongan.gov.vn/bai-viet/khoi-to-30-bi-can-trong-duong-day-web-lau-xoi-lac-1772683363,curl_cffi,full,2287,35c5fee4506caf4cf4a245f07ae7c36ce783d007380ffb8eeb0fa83f93d3dfc2,13848,yes,texts/REG-2026-0009.txt,
REG-2026-0010,primary,https://www.dsi.go.th/th/Detail/d7b7d561b6c9744d884408dfac77b4e9,curl_cffi,full,309,6d78e49a77f9c1e92336a0842b9c9d1952ad93743a5352ad8b9d6866eeab60c3,12875,yes,texts/REG-2026-0010.txt,
REG-2026-0011,primary,https://www.police.hu/hu/hirek-es-informaciok/legfrissebb-hireink/bunugyek/netflix-helyett-jetflicks,raw,full,3603,5c89cab438fa22e098f300a14922524d7983f58f0b958c7a52ddaf15840d45ca,30843,no,,re-fetch the URL; compare its SHA-256
REG-2026-0012,primary,https://www.dsi.go.th/th/Detail/d4e15a645f5a1f39f1a615eb9ba47c1d,curl_cffi,full,297,19ca4c8f139ba989bba1b57f7bbfd73c074b477c72d19028bcc80f45c6567328,14628,yes,texts/REG-2026-0012.txt,
REG-2026-0013,primary,https://www.presseportal.de/blaulicht/pm/110977/6265971,curl_cffi,full,575,83a137d171271302b1d4eb4e48079b6c61ad4c42c0074acf4ada3fe5f34b1bfd,4945,yes,texts/REG-2026-0013.txt,
REG-2026-0014,primary,https://www.domstol.se/nyheter/2026/05/fallande-dom-for-illegal-iptv-verksamhet/,curl_cffi,full,187,de5d43d3180c5c7bd3e4537b22fa91abc6a14e8a1cad3dbe4e2dbc7e95636850,1446,yes,texts/REG-2026-0014.txt,
REG-2026-0015,primary,https://www.mcst.go.kr/kor/s_notice/press/pressView.jsp?pSeq=22417,"curl_cffi (HTML page = title/date only, 545 words of chrome) + attached PDF downloaded and extracted with pymupdf (manual; 2 pages) - appended below a marker in DKR-7.txt",full,833,6de0afcfa22f708ce823d963bff536817f40d91ec61363a449a26cc383b8ce09,11669,yes,texts/REG-2026-0015.txt,
REG-2026-0016,primary,https://www.gdf.gov.it/it/gdf-comunica/notizie-ed-eventi/comunicati-stampa/anno-2026/maggio/operazione-tutto-chiaro,curl_cffi,full,709,a7dca1db6b0e9635ae6c74b8f78b0247ced592ed811cab281399f4ac546960ea,34167,no,,re-fetch the URL; compare its SHA-256
REG-2026-0017,primary,https://www.astynomia.gr/2026/05/22/22-05-2026-apo-ti-diefthynsi-dioxis-kyvernoegklimatos-synelifthi-imedapos-se-periochi-tis-attikis-gia-paravasi-tis-nomothesias-peri-pnevmatikis-idioktisias-kai-peri-prostasias-syndromitikon-ypiresion/,raw,full,420,fa5cb5d8ad956dc9403a53e68d80ae53890466cd49f914e7e11141043bc4a2d8,5028,no,,re-fetch the URL; compare its SHA-256
REG-2026-0018,primary,https://bocongan.gov.vn/bai-viet/cong-an-hung-yen-khoi-to-23-doi-tuong-co-hanh-vi-su-dung-cong-nghe-cao-de-xam-pham-ban-quyen-lien-quan-den-quyen-tac-gia-to-chuc-danh-bac-va-danh-bac-1779412106,curl_cffi,full,2062,e48d0fbf1c4d77ab268e13ebaa6adf310730b5e6009af784631b4e22b64bfd91,12605,yes,texts/REG-2026-0018.txt,
REG-2026-0019,primary,https://www.bocongan.gov.vn/bai-viet/cong-an-bac-ninh-triet-pha-duong-day-phat-song-bong-da-lau-quy-mo-lon-1779881357,curl_cffi,full,2155,eae3c047a80e70d86779d7dafa34bedd31e6321f657364cebeb7f1f985a7bebb,13106,yes,texts/REG-2026-0019.txt,
REG-2026-0020,primary,https://theonlinecitizen.com/2026/05/28/thai-man-and-malaysian-couple-charged-over-my-iptv-4-k-streaming-piracy,raw,full,4393,32926205689770cd8a2ff531590865a0b673d82d3822c1ae34ce042f04bf76c7,33525,no,,re-fetch the URL; compare its SHA-256
REG-2026-0021,primary,https://www.europol.europa.eu/media-press/newsroom/news/29-arrested-law-enforcement-strikes-criminal-networks-behind-illegal-streaming,raw,full,1625,2b11f65c4d1863bec665c5e7554ecbb131d3715e775d06e4cf1480eccc03937e,22834,no,,re-fetch the URL; compare its SHA-256
REG-2026-0022,primary,https://www.politiet.no/nyheter-og-presse/sor-ost/nyhet/2026-06-04/tilstar-a-ha-solgt-flere-hundre-ulovlige-iptv-abonnementer,curl_cffi,full,304,2e86b9f13eb6a911af2678978cec9089f4bb5496ff8a817899d42f62a8ec7c10,1983,yes,texts/REG-2026-0022.txt,
REG-2026-0023,primary,https://www.gendarmerie.interieur.gouv.fr/unpj/nos-publications2/sur-le-terrain/piratage-de-flux-iptv-noos-demantelement-d-une-structure-criminelle-par-l-uncyber,curl_cffi,full,611,d8c7bf137382bfb930c1c63aadf8ec1f8c2acad44d1cdf5710440cf37d9b5658,4589,yes,texts/REG-2026-0023.txt,
REG-2026-0024,primary,https://policie.gov.cz/clanek/neopravnene-vysilal-sportovni-prenos.aspx,curl_cffi,full,577,7e443790dc865381eb8a97a694b15e34d3beb945177644ac4b85f5a1f5b178c3,5323,yes,texts/REG-2026-0024.txt,
REG-2026-0025,primary,https://www.gdf.gov.it/it/gdf-comunica/notizie-ed-eventi/comunicati-stampa/anno-2026/giugno/contrasto-allo-streaming-illegale-ed-alla-pirateria-audiovisiva,curl_cffi,full,779,c180633e80d4a43418ad27792b227325d01250a09ab58dcb04105e40e2a2be76,5762,yes,texts/REG-2026-0025.txt,
REG-2026-0026,primary,https://www.gob.mx/impi/prensa/el-impi-impulsa-acciones-contra-la-pirateria-y-el-streaming-ilegal-en-el-marco-de-la-copa-mundial-fifa-2026,curl_cffi,full,744,8a4e240d50e91a7139aa95e27a3708c84cbb155d0089e69c813a58597a517595,5493,yes,texts/REG-2026-0026.txt,
REG-2026-0027,primary,https://www.astynomia.gr/2026/06/17/17-06-2026-exarthrothike-egklimatiki-organosi-ta-meli-tis-opoias-drastiriopoiountan-sti-systimatiki-kai-kat-epangelma-paranomi-parochi-ypiresion-syndromitikis-tileorasis/,raw,full,1527,6a6ce7057c08c391dc3cc53d5689725342b7956035ae72bef186090a453e825f,20859,no,,re-fetch the URL; compare its SHA-256
REG-2026-0028,primary,https://www.justice.gov/opa/pr/united-states-seizes-hundreds-internet-domains-used-illegally-stream-world-cup-matches,raw,full,906,43791fb1701c88425842cedef5f568e28a7b3155ea658148570535a0d3b98292,36635,no,,re-fetch the URL; compare its SHA-256
REG-2026-0029,primary,https://bocongan.gov.vn/bai-viet/khoi-to-vu-an-xam-pham-quyen-tac-gia-quyen-lien-quan-rua-tien-xay-ra-tai-ha-noi-tp-ho-chi-minh-va-cac-dia-phuong-lien-quan-1782920550,curl_cffi,full,2219,bfcf4eec24d1fecb7d051e135abe57444c8eb17a38c8be45e3f7811b33e6dcd9,13372,yes,texts/REG-2026-0029.txt,
REG-2026-0030,primary,https://www.fiscales.gob.ar/ciberdelincuencia/operacion-tarjeta-roja-bloquearon-14-sitios-web-que-transmitian-ilegalmente-senales-televisivas-y-partidos-de-la-copa-mundial-de-futbol-2026/,curl_cffi,full,677,97986e2af89f199fe469665032b3165ae6a9d6d791f0fefa8d9bb1b632080c05,5000,yes,texts/REG-2026-0030.txt,
REG-2026-0031,primary,https://www.customs.gov.hk/en/customs-announcement/press-release/index_id_5430.html,raw,full,532,691b68c41ba220df8ab0d24f85e38eb880d7ab64697cbfabe18ea870202859e0,3805,no,,re-fetch the URL; compare its SHA-256
REG-2026-0032,primary,https://bocongan.gov.vn/bai-viet/lao-cai-triet-pha-nhom-doi-tuong-xam-pham-quyen-tac-gia-quyen-lien-quan-va-to-chuc-danh-bac-duoi-hinh-thuc-ca-do-bong-da-quy-mo-lon-len-toi-850-ty-dong-1783738452,curl_cffi,full,1875,7e586d9dc5f88f4a2c174c8684a572780b318a323b915c0d582f2394717a71b7,11292,yes,texts/REG-2026-0032.txt,
REG-2026-0033,primary,https://www.gob.pe/institucion/indecopi/noticias/1417863-indecopi-ordena-bloquear-238-webs-piratas-que-difundian-ilegalmente-partidos-del-mundial-2026,curl_cffi,full,369,d804ef2b54546818e5d7e89345898b8c21a8c0aa62973197206669def5b67249,2454,yes,texts/REG-2026-0033.txt,
REG-2026-0034,primary,https://www.gov.br/mj/pt-br/assuntos/noticias-1/operacao-cartao-vermelho-contra-a-pirataria-na-copa-do-mundo-2026-e-realizada-em-nove-paises,curl_cffi,full,652,bb8848d872fee9b2e4eedf2b501aa79c5ab36573d3c7cb0351119bc3d18607fb,4658,yes,texts/REG-2026-0034.txt,
REG-2026-0035,primary,https://www.gob.mx/impi/prensa/el-impi-mete-gol-a-la-pirateria-durante-la-copa-mundial-de-la-fifa-2026,curl_cffi,full,1017,bc9fd8bb471e2d57ad1e235cc9091c960609404a8b27d6a4923bc7ac922b1009,7305,yes,texts/REG-2026-0035.txt,
REG-2026-0036,primary,https://bocongan.gov.vn/bai-viet/quang-tri-triet-pha-duong-day-to-chuc-danh-bac-truc-tuyen-quy-mo-lon-nup-bong-phat-song-bong-da-trai-phep-1785816629,curl_cffi,full,2182,d00cd1e302875fefc022298afeb3040ff86711a4d47e337f00ca66d3b4d2fa5d,13205,yes,texts/REG-2026-0036.txt,
