register_id,part,url,url_basis
REG-2017-0005,1,https://www.europol.europa.eu/media-press/newsroom/news/one-of-europe%E2%80%99s-biggest-illegal-iptv-distributors-dismantled,final_url
REG-2017-0005,2,https://www.wipo.int/edocs/mdocs/enforcement/es/wipo_ace_12/wipo_ace_12_10.pdf,final_url
REG-2017-0005,3,https://www.aapa.eu/press-release-premier-league-and-irdeto-collaborate-with-law-enforcement-agencies,final_url
REG-2017-0011,1,https://www.justiz.bayern.de/gerichte-und-behoerden/generalstaatsanwaltschaft/bamberg/presse/2017/12.php,final_url
REG-2017-0011,2,https://www.justiz.bayern.de/gerichte-und-behoerden/generalstaatsanwaltschaft/bamberg/presse/2018/17.php,final_url
REG-2018-0001,1,https://www.europol.europa.eu/media-press/newsroom/news/law-enforcement-and-private-sector-join-forces-to-shut-down-illegal-streaming-network,final_url
REG-2018-0010,1,https://www.justiz.bayern.de/gerichte-und-behoerden/generalstaatsanwaltschaft/bamberg/presse/2018/9.php,final_url
REG-2018-0017,1,https://www.europol.europa.eu/media-press/newsroom/news/six-arrested-in-hit-against-illegal-television-streaming-in-uk-and-ireland,source_url
REG-2018-0017,2,https://www.garda.ie/en/about-us/our-departments/office-of-corporate-communications/press-releases/2018/september/four-arrested-in-operation-targeting-illegal-tv-streaming-11th-september-2018.html,source_url
REG-2019-0004,1,https://www.aapa.eu/press-release-premier-league-and-irdeto-collaborate-on-large-scale-iptv-piracy-raids,final_url
REG-2019-0006,1,https://www.europol.europa.eu/media-press/newsroom/news/end-of-broadcast-for-iptv-criminal-network,source_url
REG-2019-0009,1,https://www.poliziadistato.it/articolo/385d820d626cd8c310877228,final_url
REG-2019-0009,2,https://siac.gdf.it/notizie/Pagine/Operazione-Black-IPTV.aspx,source_url
REG-2019-0009,3,https://www.eurojust.europa.eu/news/new-major-crackdown-on-fraud-with-illegal-use-of-pay-TV-signals,final_url
REG-2019-0011,1,https://www.gov.br/mj/pt-br/assuntos/noticias/operacao-404-combate-pirataria-na-internet,final_url
REG-2019-0015,1,https://www.europol.europa.eu/media-press/newsroom/news/30-506-internet-domain-names-shut-down-for-intellectual-property-infringement,source_url
REG-2020-0002,1,https://www.europol.europa.eu/media-press/newsroom/news/huge-hit-to-illegal-iptv-distributors-in-bulgaria,source_url
REG-2020-0016,1,https://www.europol.europa.eu/media-press/newsroom/news/no-safe-market-for-fakes-21-countries-target-illegal-goods-in-europe-wide-sting,source_url
REG-2020-0016,2,https://www.garda.ie/en/about-us/our-departments/office-of-corporate-communications/press-releases/2020/september/an-garda-siochana-operation-aphrodite-iii-25th-september-2020-.html,source_url
REG-2020-0019,1,https://www.justice.gov/archives/opa/pr/us-law-enforcement-assists-brazilian-law-enforcement-takedown-numerous-digital-piracy-sites,final_url
REG-2020-0019,2,https://www.ice.gov/news/releases/ice-helps-brazilian-law-enforcement-seize-digital-piracy-sites-apps-alleged-have,source_url
REG-2020-0020,1,http://web.archive.org/web/20251007034423/https://www.eurojust.europa.eu/news/coordinated-action-against-illegal-online-streaming-switzerland,final_url
REG-2020-0021,1,https://www.eurojust.europa.eu/news/new-major-crackdown-on-fraud-with-illegal-use-of-pay-TV-signals,final_url
REG-2020-0021,2,https://www.poliziadistato.it/articolo/pirateria-audiovisiva-oltre-5mila-siti-illegali-oscurati,final_url
REG-2020-0021,3,https://www.astynomia.gr/2020/11/13/13-11-2020-i-diefthynsi-dioxis-ilektronikou-egklimatos-symmeteiche-se-panevropaiki-epicheirisi-gia-tin-exarthrosi-egklimatikou-diktyou-to-opoio-diepratte-apates-me-parochi-ypiresion-syndromitikis-til/,source_url
REG-2020-0024,1,https://www.europol.europa.eu/media-press/newsroom/news/operation-in-our-sites-takes-down-21-910-websites-selling-counterfeit-goods,source_url
REG-2021-0005,1,http://web.archive.org/web/20210310165025/https://www.cmjornal.pt/portugal/detalhe/pj-envolvida-em-operacao-que-acabou-com-o-mobdro-maior-plataforma-de-tv-pirata-na-internet,final_url
REG-2021-0012,1,https://www.gov.br/mj/pt-br/assuntos/noticias/ministerio-da-justica-e-seguranca-publica-apresenta-resultados-de-operacao-de-combate-a-piraria-em-nove-estados,source_url
REG-2022-0010,1,https://www.gov.br/mj/pt-br/assuntos/noticias/operacao-404-chega-a-4a-edicao-com-buscas-no-metaverso-suspensao-de-4-canais-e-90-videos-retirados-do-ar,source_url
REG-2022-0013,1,https://www.lne.es/sucesos/2020/06/10/policia-nacional-desarticula-red-television-14528628.html,final_url
REG-2022-0013,2,https://www.poderjudicial.es/cgpj/eu/Botere-Judiziala/Berriak/El-juez-de-la-Audiencia-Nacional-propone-juzgar-a-una-organizacion-criminal-que-gano-15-millones-de-euros-con-la-venta-ilegal-de-contenidos-de-plataformas-pago,source_url
REG-2022-0013,3,https://www.alliance4creativity.com/news/ace-applauds-spanish-national-tribunals-landmark-sentence-of-massive-iptv-network/,source_url
REG-2022-0022,1,https://www.interior.gob.es/opencms/es/detalle/articulo/Operacion-conjunta-de-la-Policia-Nacional-y-EUROPOL-Desarticulada-una-red-criminal-que-distribuia-contenidos-audiovisuales-de-forma-ilegal-a-mas-de-500.000-usuarios-en-varios-paises-europeos/,final_url
REG-2022-0023,1,https://www.europol.europa.eu/media-press/newsroom/news/international-operation-shuts-down-websites-offering-counterfeit-goods-and-pirated-content,source_url
REG-2023-0002,1,https://www.gov.br/mj/pt-br/assuntos/noticias/operacao-404-5-prende-11-pessoas-e-bloqueia-mais-de-200-sites-e-aplicativos-ilegais,source_url
REG-2023-0002,2,https://www.gob.pe/institucion/indecopi/noticias/728675-el-indecopi-cerro-cerca-de-70-sitios-webs-pirata-durante-la-iniciativa-internacional-conocida-como-operacion-404,source_url
REG-2023-0005,1,https://coda-cj.jp/en/news/282/,final_url
REG-2023-0005,2,https://coda-cj.jp/news/1424/,final_url
REG-2023-0005,3,https://coda-cj.jp/news/1904/,final_url
REG-2023-0006,1,https://coda-cj.jp/en/news/289/,final_url
REG-2023-0009,1,http://met.provincia.fi.it/news.aspx?n=368846,source_url
REG-2023-0010,1,https://www.alliance4creativity.com/news/ace-action-prompts-arrest-of-a-major-piracy-operator-in-the-middle-east-north-africa-mena-region/,final_url
REG-2023-0010,2,https://www.advanced-television.com/2023/06/29/movizland-piracy-site-operator-arrest/,final_url
REG-2023-0010,3,https://torrentfreak.com/egyptian-authorities-take-movizland-offline-and-arrest-operator-230630/,final_url
REG-2023-0010,4,https://torrentfreak.com/ace-shuts-down-three-piracy-rings-in-egyptian-whack-a-mole-230906/,final_url
REG-2023-0011,1,https://coda-cj.jp/en/news/371/,final_url
REG-2023-0015,1,https://www.bundeskriminalamt.at/news.aspx?id=766E495644386B38346E493D,source_url
REG-2023-0021,1,https://www.gov.br/mj/pt-br/assuntos/noticias/com-apoio-do-mjsp-operacao-internacional-contra-a-pirataria-tira-mais-de-600-sites-irregulares-do-ar,final_url
REG-2023-0021,2,https://www.gob.pe/institucion/indecopi/noticias/884430-el-indecopi-bloqueo-328-sitios-web-ilegales-que-explotaban-obras-y-producciones-protegidas-por-el-derecho-de-autor,source_url
REG-2023-0027,1,https://www.interpol.int/en/News-and-Events/News/2023/Indonesia-Korea-and-INTERPOL-cooperation-shuts-down-illegal-IPTV-service,source_url
REG-2023-0027,2,https://www.mcst.go.kr/site/s_notice/press/pressView.jsp?pMenuCD=0302000000&pSeq=20675,source_url
REG-2023-0027,3,https://www.dgip.go.id/index.php/artikel/detail-artikel-berita/bersama-korea-dan-interpol-djki-tindak-pelaku-pelanggaran-ki-di-indonesia,source_url
REG-2024-0025,1,https://coda-cj.jp/en/news/513/,final_url
REG-2024-0025,2,https://torrentfreak.com/chinas-pirate-site-crackdown-is-real-assisted-by-anime-anti-piracy-group-240717/,final_url
REG-2024-0028,1,https://immigration.gov.ph/bi-agents-nab-korean-fugitive-wanted-for-copyright-violation-in-pampanga/,source_url
REG-2024-0031,1,https://coda-cj.jp/en/news/535/,final_url
REG-2024-0032,1,https://news.tuoitre.vn/vietnam-police-bust-worlds-largest-film-piracy-website-based-in-hanoi-10381727.htm,final_url
REG-2024-0032,2,https://torrentfreak.com/fmovies-piracy-ring-was-shut-down-by-vietnam-assisted-by-ace-240829/,final_url
REG-2024-0032,3,https://ustr.gov/sites/default/files/2024%20Review%20of%20Notorious%20Markets%20of%20Counterfeiting%20and%20Piracy%20%28final%29.pdf,final_url
REG-2024-0032,4,https://e.vnexpress.net/news/news/crime/fmovies-world-s-largest-film-piracy-syndicate-based-in-hanoi-shut-down-4787768.html,final_url
REG-2024-0032,5,https://vietnamnet.vn/en/vietnam-shuts-down-pirated-streaming-giant-fmovies-charges-site-operators-2340743.html,final_url
REG-2024-0033,1,https://www.spo.go.kr/common/board/Download.do?bcIdx=1060099&cbIdx=1403&streFileNm=b6d87f22-8bd6-42d3-956a-785aa1686d4d.pdf,source_url
REG-2024-0034,1,https://www.alliance4creativity.com/news/ace-and-egyptian-authorities-dismantle-largest-piracy-site-in-middle-east-north-africa-mena-region/,final_url
REG-2024-0034,2,https://torrentfreak.com/ace-helps-egypt-to-dismantle-the-regions-largest-piracy-site-240912/,final_url
REG-2024-0036,1,https://www.gov.br/mj/pt-br/assuntos/noticias/operacao-internacional-contra-pirataria-tira-do-ar-675-sites-e-14-aplicativos-de-streaming,final_url
REG-2024-0040,1,https://www.anninhthudo.vn/,final_url
REG-2024-0040,2,https://www.tilleke.com/insights/vietnam-tackles-illegal-streaming-of-premier-league-matches-in-landmark-criminal-case/,final_url
REG-2024-0040,3,https://bidenwhitehouse.archives.gov/wp-content/uploads/2025/01/IPEC-FY-24-Annual-Report_Final-1.pdf,final_url
REG-2024-0042,1,https://piracymonitor.org/kenya-hub-of-score808-pirate-streaming-site-raided-and-dismantled/,final_url
REG-2024-0047,1,https://www.justice.gov/archives/opa/pr/brothers-residing-new-york-and-bangladesh-charged-running-digital-streaming-piracy-scheme,final_url
REG-2024-0047,2,https://www.justice.gov/usao-edny/pr/upstate-new-york-resident-and-bangladeshi-national-charged-digital-streaming-piracy,source_url
REG-2024-0050,1,https://www.europol.europa.eu/media-press/newsroom/news/european-law-enforcement-stops-illegal-iptv-service-providers,final_url
REG-2024-0050,2,https://www.poliziadistato.it/articolo/operazione--taken-down--contro-la-pirateria-informatica,final_url
REG-2024-0050,3,https://direzioneinvestigativaantimafia.interno.gov.it/2024/operazione-taken-down/,final_url
REG-2024-0050,4,https://policija.gov.hr/vijesti/europska-tijela-za-provedbu-zakona-zaustavila-pruzatelje-nezakonitih-iptv-usluga/8453,final_url
REG-2024-0050,5,https://policija.gov.hr/vijesti/dovrseno-kriminalisticko-istrazivanje-nad-12-osumnjicenika-zbog-ilegalne-iptv-usluge/9206,final_url
REG-2024-0054,1,https://www.alliance4creativity.com/news/ace-shutters-one-of-the-largest-live-sports-piracy-rings-in-the-world/,final_url
REG-2024-0054,2,https://thedesk.net/2024/12/ace-shuts-down-streameast-crackstreams/,final_url
REG-2025-0002,1,https://www.koreatimes.co.kr/southkorea/society/20250210/illegal-korean-content-streaming-operators-caught-in-vietnam?utm_source=legacy_url&utm_medium=redirect&utm_campaign=news_manager_id,final_url
REG-2025-0005,1,https://www.policia.es/_es/comunicacion_prensa_detalle.php?ID=16466,final_url
REG-2025-0007,1,https://coda-cj.jp/en/news/683/,final_url
REG-2025-0007,2,https://coda-cj.jp/en/news/853/,final_url
REG-2025-0008,1,https://www.justiz.bayern.de/gerichte-und-behoerden/generalstaatsanwaltschaft/bamberg/presse/2025/5.php,source_url
REG-2025-0018,1,https://www.cityoflondon.police.uk/news/city-of-london/news/2025/june/man-jailed-after-making-300000-from-illegal-streaming-service/,source_url
REG-2025-0018,2,https://www.cityoflondon.police.uk/news/city-of-london/news/2023/may/iptv-reseller-who-fled-the-uk-with-his-dog-to-avoid-prosecution-is-jailed-for-five-years/,source_url
REG-2025-0020,1,https://www.justiz.bayern.de/gerichte-und-behoerden/generalstaatsanwaltschaft/bamberg/presse/2025/15.php,final_url
REG-2025-0022,1,https://www.deportv.gob.ar/futbol/pirateria-audiovisual-detuvieron-vendedores-ilegales-magistv-argentina-nid:5632,final_url
REG-2025-0022,2,https://torrentfreak.com/police-laliga-alianza-target-magistv-with-isp-office-raids-arrests-250725/,final_url
REG-2025-0025,1,https://www.laliga.com/en-GB/news/major-crackdown-on-audiovisual-piracy-creator-of-al-angulo-tv-arrested-for-illegally-broadcasting-football-matches,final_url
REG-2025-0026,1,https://www.laliga.com/en-GB/news/massive-operation-in-argentina-dismantles-global-piracy-network-with-over-8-million-users,final_url
REG-2025-0027,1,https://www.alliance4creativity.com/news/egyptian-authorities-and-ace-shut-down-worlds-largest-live-sports-piracy-ring/,source_url
REG-2025-0027,2,https://torrentfreak.com/ace-shuts-down-giant-streameast-piracy-ring-but-the-original-survives-250903/,source_url
REG-2025-0027,3,https://www.motionpictures.org/wp-content/uploads/2025/10/MPA-Notorious-Markets-2025-Submission-.pdf,source_url
REG-2025-0027,4,https://arstechnica.com/gadgets/2025/09/sting-operation-kills-copycat-sports-piracy-site-with-1-6b-visits-last-year/,source_url
REG-2025-0027,5,https://english.ahram.org.eg/News/552483.aspx,source_url
REG-2025-0027,6,https://english.ahram.org.eg/News/563608.aspx,source_url
REG-2025-0028,1,https://pgr.gob.do/ministerio-publico-puso-en-marcha-la-operacion-domo-contra-la-pirateria/,source_url
REG-2025-0029,1,https://www.gdf.gov.it/it/gdf-comunica/notizie-ed-eventi/comunicati-stampa/anno-2025/settembre/avviata-vasta-operazione-anti-pirateria-audiovisiva,source_url
REG-2025-0031,1,https://www.koreaherald.com/article/10589239,final_url
REG-2025-0031,2,https://www.advanced-television.com/2025/10/03/thailand-illegal-iptv-service-shut-down/,final_url
REG-2025-0031,3,https://www.broadbandtvnews.com/2025/10/03/thai-authorities-shut-down-major-illegal-iptv-operation-with-ace-support/,final_url
REG-2025-0033,1,https://tech-ish.com/2025/10/13/waka-tv-underground-network-exposed-eldoret-dci-raid-cuts-off-64-subscribers/,final_url
REG-2025-0036,1,https://www.europol.europa.eu/media-press/newsroom/news/eur-47-million-in-crypto-traced-to-disrupt-digital-piracy-services,final_url
REG-2025-0036,2,https://www.policiajudiciaria.pt/pj-participa-em-acao-da-europol-contra-crimes-de-propriedade-intelectual/,source_url
REG-2025-0039,1,https://www.gov.br/mj/pt-br/assuntos/noticias/forca-tarefa-internacional-contra-pirataria-tira-do-ar-535-sites-e-um-aplicativo-de-streaming,final_url
REG-2025-0039,2,https://www.derechosintelectuales.gob.ec/senadi-participa-en-operativo-internacional-contra-la-pirateria-digital,source_url
REG-2026-0002,1,https://www.poliziadistato.it/articolo/166979f86bd0846335000880,final_url
REG-2026-0002,2,https://www.alliance4creativity.com/news/ace-applauds-coordinated-global-law-enforcement-action-against-industrial-scale-illegal-iptv-ring/,final_url
REG-2026-0002,3,https://www.justice.gov/criminal/criminal-opdat/cyber-ip-europe,final_url
REG-2026-0011,1,https://www.police.hu/hu/hirek-es-informaciok/legfrissebb-hireink/bunugyek/netflix-helyett-jetflicks,final_url
REG-2026-0011,2,https://www.justice.gov/usao-edva/pr/eight-defendants-charged-running-two-largest-illegal-streaming-services-us,source_url
REG-2026-0011,3,https://www.justice.gov/opa/pr/five-defendants-sentenced-connection-operating-one-largest-illegal-television-show-streaming,source_url
REG-2026-0016,1,https://www.gdf.gov.it/it/gdf-comunica/notizie-ed-eventi/comunicati-stampa/anno-2026/maggio/operazione-tutto-chiaro,source_url
REG-2026-0016,2,https://www.ansa.it/sito/notizie/cronaca/2026/05/22/streaming-pirata-con-una-nuova-tecnologia-100-perquisizioni-e-sequestri_33ee23c5-e342-4572-b899-78650709dd31.html,source_url
REG-2026-0020,1,https://theonlinecitizen.com/2026/05/28/thai-man-and-malaysian-couple-charged-over-my-iptv-4-k-streaming-piracy,final_url
REG-2026-0020,2,https://www.bangkokpost.com/thailand/general/3262288/arrests-made-in-pirated-movie-streaming-crackdown,final_url
REG-2026-0020,3,https://www.thaiexaminer.com/thai-news-foreigners/2026/05/29/pirate-tv-streaming-legal-and-illegal-content-smashed-in-chiang-mai-by-cross-border-police-operation/,final_url
REG-2026-0021,1,https://www.europol.europa.eu/media-press/newsroom/news/29-arrested-law-enforcement-strikes-criminal-networks-behind-illegal-streaming,source_url
REG-2026-0028,1,https://www.justice.gov/opa/pr/united-states-seizes-hundreds-internet-domains-used-illegally-stream-world-cup-matches,URL line of the capture's header
